username,rating,comment
s*****y,5,Gorgeous tanzanite pieces! Quality of the jewelry box is good too.
s*****8,5,Well received via my doorstep. Have been buying many bracelets from Jamstones. Beautiful bracelet love to Max especially the Fumao finally got it !! Product recommended. Will buy again if more unique designs . Thanks seller ğŸ‘ğŸ¤©
n*****9,5,Received the bracelet within in 6 days. Love it. The colours are so beautiful. Love that I was able to change the charm.
s*****y,5,Gorgeous tanzanite pieces! Quality of the jewelry box is good too.
merielyng.salvador,5,"Super nice and elegant, worth it and very good idea as a gift to someone..."
l*****n,5,Love the rings. Been purchasing from them multiple times. This time i got a free pink jewellery box. Thank you!!
0*****c,5,Speedy n prompt delivery.Super love both bracelets.The fumao in white is super nice..didnt manage to bid the pink one previously but realise the white one suits me more..Thanks for seeing my bid for both bracelets esp the white fumao bracelet..love the combi for bothğŸ¥°
cinowene,5,Had bought quite a few bracelets from Jamstones & Lavval...they are always super pretty! Do try it yourself!
merielyng.salvador,5,"Super nice and elegant, worth it and very good idea as a gift to someone..."
0*****c,5,Items are well received.Love the jewellery box and good to bring along for my staycation.
yixuanpenelope,5,Bought another 2 rings and 1 huggies because there is a free jewelry box! This box is good quality! Now my jewelry has a home of theirs!
n*****e,5,"soooo pretty! 2nd time getting a bracelet fm this store and transaction was extremely smooth as usual! seller is very accommodating and replies quickly as well, so glad i got the change the hardware to silver too. looking forward to my next purchase!"
evetoh88,5,"Nicely packed in boxes!! Tq seller for the hard work; free jewellery boxes and accommodating to my request~ â¤ï¸â¤ï¸â¤ï¸
This is why I canâ€™t stop buying. 
These pretty blings really capture my heart, True Gems â£ï¸
Delivery guy still text before sending the items. ğŸ‘ğŸ» 
See u in the next live again~ ğŸ¥°ğŸ’–â¤ï¸"
evetoh88,5,"Nicely packed in boxes!! Tq seller for the hard work; free jewellery boxes and accommodating to my request~ â¤ï¸â¤ï¸â¤ï¸
This is why I canâ€™t stop buying. 
These pretty blings really capture my heart, True Gems â£ï¸
Delivery guy still text before sending the items. ğŸ‘ğŸ» 
See u in the next live again~ ğŸ¥°ğŸ’–â¤ï¸"
evetoh88,5,"Nicely packed in boxes!! Tq seller for the hard work; free jewellery boxes and accommodating to my request~ â¤ï¸â¤ï¸â¤ï¸
This is why I canâ€™t stop buying. 
These pretty blings really capture my heart, True Gems â£ï¸
Delivery guy still text before sending the items. ğŸ‘ğŸ» 
See u in the next live again~ ğŸ¥°ğŸ’–â¤ï¸"
m*****7,5,I am in love with this fumao and the silver hardware match. Have added additional charms.
aileenlsp,5,"So pretty 
Fits well 
Loving it"
b*****o,5,"Happy with the items, well wrapped and fast delivery. Thankyou !"
vnsalee,5,Very lovely combination of crystals and colours. Itâ€™s my first bracelet by Jamstones and I love it!
lsserene,5,Thanks Jamstone for this pretty nude pink bracelet. Iâ€™m in love with it !!!!
___umi___,5,"Thank you for creating this beautiful  larimar, aquamarine, baroque pearl bracelet. â¤ï¸â¤ï¸â¤ï¸"
caizienergy,5,"Delivery took 2-4 days, made it in time for cny. Beautiful ring ğŸ˜Š ring came in a ring box and sealed in bubble wrap envelope. Repeated buy"
b*****o,5,Super happy with the items and was well packed and delivered. Thankyou !
m*****4,5,The rings are so pretty. Should have bought more. Oops. The free box are very handy too!
rik0ooo,5,Love the ring!! Itâ€™s so pretty.. ğŸ’šğŸ’›ğŸ’œ
b*****o,5,Super happy with the items and was well packed and delivered. Thankyou !
wendylimmm,5,"Ordered it during the shopee live and collected it a week later, very pretty!"
f*****g,5,True to what I see during the shopee live. Love it. The CS is very helpful and friendly too. This is a repeat buy.
m*****4,5,
s*****y,5,Delivery was done within. 2 days after payment. Nice rings gotten during live session.
evetoh88,5,"Received within 4wds. Fast!
Wao wao wao, gorgeous bracelet and rings â¤ï¸â¤ï¸â¤ï¸ 
Can never stop to buy since I started to know there is live. ğŸ¤©ğŸ¤©ğŸ¤©
How can anyone resist~ the actual pieces are more stunning than videos on live. â˜ºï¸ğŸ‘ğŸ»"
j*****8,5,Gorgeous premium A grade full jade bracelet. Prompt delivery and seller is helpful with good product knowledge. Recommended! Bought several gems bracelets and rings at reasonable price.
xaverielee75,5,Super love it to the max! Very pretty & elegant piece for 2022 zodiac bracelet!
0*****c,5,Add the fortune cat charm to enhance the beauty of the bracelet together with pineapple moonstone..definitely Huat the whole year..ğŸ˜ğŸ˜ğŸ˜
milkbone81,5,Very pretty â€¦ thank you seller!
wendylimmm,5,Repeated ordering from the same seller. The bracelet is so pretty and exquisite. Thanks
q*****s,5,"Pretty bracelets but do note that there are some natural inclusions (notably on the main moonstone pineapple & pearlsâ€¦) delivery also took longer than expected, although I see reviews of newly launched products on the same live before my delivery?CS also missed out on my msg for a day until prompted"
j*****e,5,The combination is nice but well.. some of the crystals are not smooth surfaces especially the main crystal.
m*****m,5,Watching their weekly live is very harmful on my wallet. All their bracelets are soooo pretty!
t*****m,5,Pretty Jade bracelet.
t*****m,5,"Happy wif my ğŸ¦ fumao and ingots.
Super lucky manage to fff and get them. 
Love my rings too.
Thank you for the super fast delivery!!
 Happy CNY! Huat huat ğŸ¯"
slloh001,5,Well packed and very nice bracelets! Quality is good! Really pretty.
m*****o,5,"Very responsive seller. Added  2 extra charms. Seller is v patient to give me suggestions on where to place it n send me pic to cfm. Beautiful , love it. â¤ thank you. ğŸ˜Š"
tgp_jt,5,This is a beautiful piece of ruby bracelet.. the wrist size is correct. Love it to max!!
tgp_jt,5,Love the tanzanite ring at first sight. Very nice! And easy to adjust it.
caizienergy,5,Delivery took slightly more than a week. Items came in gift box and sealed in pink bubble wrap envelope. Gorgeous earrings and ring. Free zircons and gift were given as i feedback on zircons dropping out from previous buy. Thank you!
j*****8,5,"Lovely Gem and friendly, knowledgeable and attended sellers. Happy with my purchases. Will stay tuned for more awesome Gem â™¥ï¸"
j*****8,5,"Awesome Gems and very glad that I've found a seller who's friendly, helpful and knowledgeable. Love watching the Lives, will definitely stay tuned to claim more precious Gems ğŸ’ This is my 3rd purchase â™¥ï¸"
r*****s,5,Received items in good condition. Very beautiful pieces. Thanks.
0*****c,5,"Speedy delivery.Super love the bracelet from Jam stones.Reasonable pricing.Will definitely not stopping at 1,2,3.."
lemonsugarpop,5,Repeat purchase from Jamstones LIVE sales. Took about 2 weeks to receive this order. Finally some luck with fumao bracelet this round and a cute pineapple bracelet for a prosperous year!
m*****n,5,"Super cute bracelet! Quality is good, went down for resizing as it was a little too big for me."
0*****c,5,Speedy delivery.Item is well received and super love it.Thanks for rushing out the item before CNY.Many thanks to Jam team.Wishing you all a Prosperous New Year and Huat ah...ğŸğŸğŸğŸğŸğŸğŸğŸ
m*****t,5,Received in good condition. Very Lovely and pretty bracelet. Look forward to more designs
q*****s,5,Repeat purchase of the rings. Beautiful designs. Think darker gems may look nicer?
ilovejaggerbombs,5,"Very pretty, fast delivery, will definitely purchase again highly recommended!"
jusinvisiblealissa,5,"Delivery was ok, packaging was nice and i love it alot thank u"
yixuanpenelope,5,Good quality products with good customer service! Totally love my purchase!
s*****8,5,Wow gorgeous bracelet!! Bought it during live and have upgraded to red rutile 14mm thanks for your flexibility ğŸ‘have been buying many many bracelets from them is so addictive each see the beautiful bracelets ğŸ˜…will buy again if there is unique designsğŸ˜œThanks seller ğŸ¤©
yingyingchch,5,"Nice citrine and amethyst tree..

Love the zodiac bracelet but seller didnâ€™t match the charm based on my request.. 

It is still okâ€¦ cos the heart shape also looked nice!"
l*****g,5,well received! hope that itâ€™ll bring me a great new year ahead :)
j*****g,2,"Bought 2 pieces. 1 was sent wrong. Seller was nice to provide 1 to 1 exchange. However the crystals are not of good quality, the strings for both sticked out, should hav QCed more. Edit:Just realised my bracelet short one one bead spacer for main stone. Should have checked the product before shipped"
f*****c,5,Return buyer and so in love with the tanzanite ring!!!!!!!!!
b*****o,5,Happy with the items delivered and was well packed too. Thankyou seller!
j*****g,2,"Bought 2 pieces. 1 was sent wrong. Seller was nice to provide 1 to 1 exchange. However the crystals are not of good quality, the strings for both sticked out, should hav QCed more."
p*****n,5,Super pretty! Totally worth it. Pineapple huat huat! Power!
s*****g,5,the bracelet is really pretty ğŸ¥° I love it!!!
k*****s,5,Fumao charm is super cute and the white sheen grey moonstone is gorgeous!
k*****s,5,Fumao charm is super cute and the white sheen grey moonstone is gorgeous!
vkhoo81,5,"OMG, so chio! Jamstones bracelet is always a gorgeous piece. Manage to snatch this nine tail foxy super huat bracelet and super stress lah coz her 1 piece design is really 1 piece only. Fastest finger first. Super worth the stress.ğŸ¤£"
ashleyytann,5,Beautiful beautiful beautiful! Loving the bracelets so so much! Every piece is soooo gorgeous! Thank you!â¤ï¸
m*****t,5,Received in good condition. Nice pair of earring and key charm . Thank you
l*****h,5,"As usual, really pretty design from jamstone! The satin spar came with impurities. But seller mentioned that itâ€™s the nature of satin spar. Still pretty nonetheless."
g5txcueyva,5,Love the bracelet! Bought during live. Looking forward to more promos.
perfeten69,4,The physical product I received is not as shiny and bright as what was advertised. It doesn't show the true aura of what a crystal should be.
sihuisherina,3,There is some miscommunication and it took more than a month to deliver to me.
yingyingchch,5,"Nice bag charm and cute selenite towel ! 
Finally my charm arrived! Love the production from jamstone"
m*****t,5,Received in good condition. Very nice well made bracelet. Hope to see more designs. Thank you
k*****8,5,"First time buying from live. As usual, very well packaging and the product quantity are good. Will look forward for their new products. Friendly and helpful support from them. Will likely to buy again soon. Thanks!"
l*****0,5,First time purchasing. The ring purchased during live. Very pretty and good to give as gift
yixuanpenelope,5,Cannot stop looking at my rings! Don't know how many times I purchased from seller already... quality is really good!
c*****m,5,2nd purchase and it never disappoint me. Everything is so pretty!
brandilyjadechan,5,Love how beautiful Jam had created each bracelets and differenr meaning behind it â¤ï¸
___umi___,5,Prosperity bracelet is beautiful with the red rutile quartz and labradorite stones. Such an unusual combination but it definitely works. So prettyâ£ï¸
___umi___,5,Jupiter modified with a irregular citrine. â¤ï¸ the shine and sparkle of the citrine and hematoid quartz.
wendylimmm,5,Love the colours of this bracelet it goes very well with my skin tone. Deffo recommend
j*****y,5,Another gorgeous piece from Jam Stones! Love the tranquillity of this beauty
q*****s,5,"Bought during live and received safely, about 1.5 weeks later. Repeat purchase!"
___umi___,5,Original bracelet had smaller stones. Modified with two larger tiger eye. Love the arrangement of the stones. â¤ï¸ the stripes on the tiger.
j*****c,5,"Item well received. Love the bag charm! 
Even got free hong bao for this purchase."
k*****s,5,Bracelet is really pretty.. bought this during live and happy with my purchase
lisa_stars,2,"1st purchase. Dislike. Dull coloured stones.Rings look cheap. Earrings are basic, quality better than the ring.Stone fell out b4 wearing during size adjustment. Seller offer exchange or store credit. Still NEED to exchange at the shop. Wonâ€™t buy again.Box is cheap not individual per pc."
j*****e,5,Fast delivery of the rings :)  very lovely rings
e*****4,5,Weekly live claims ğŸ˜…ğŸ˜…ğŸ˜… always spend and buy alot cause of the good deals. Quality is good!
e*****4,5,Weekly live claims ğŸ˜…ğŸ˜…ğŸ˜… always spend and buy alot cause of the good deals. Quality is good!
joy_ce,5,Order received with thanks. Third purchase. Beautiful spinning ring. Highly highly recommended.
joy_ce,5,Order received with thanks. Second purchase. Beautiful bracelets. Highly highly recommended!
baoyibaobao,5,Happy with the purchase and its well packed ! Thankyou seller !
tentenphang,4,Item received within one week. Fast delivery. This round delivery man followed instructions placed the item at designated place. Thank you! This bracelet not so pretty but not too bad.
j*****3,5,Happy with the items and it was well packed and delivered ! Highly reccomended !
j*****o,5,Fast delivery. Well packed product . Recommended to everyone â˜ºï¸
cinowene,5,Top up to change to black rutilated quartz & silver sheen obsidian! Very professional & knowlwdgeable service provided! Highly recommended seller!
b*****o,5,Happy with the purchase and its well packed ! Thankyou seller !
g5txcueyva,5,Got during live sales! Collected from the store outlet. Highly recommended.
yingyingchch,5,Dainty and elegant piece! Likes the rainbow colour. Collected from the store outlet and welcomed by male staff politely and even requested to testing to wear the bracelet on the spot!
w*****0,5,Happy with the items and delivered well thank you so much
michellemoo6,5,SUPER GORGEOUS BRACELETS + FU MAO!! What a steal during their weekly live streams. Delivery is considered prompt despite the holiday season. The girls are really nice and patience plus clarifying my bracelets size before shipping out. Never fail to impress me with all of my ordersğŸ˜˜ WELL DONE ğŸ‘
michellemoo6,5,SUPER GORGEOUS BRACELETS + FU MAO!! What a steal during their weekly live streams. Delivery is considered prompt despite the holiday season. The girls are really nice and patience plus clarifying my bracelets size before shipping out. Never fail to impress me with all of my ordersğŸ˜˜ WELL DONE ğŸ‘
b*****e,5,Super pretty pieces ! Moonstone pineapple is gorgeous with blue sheen. Pearl bracelet is pretty too
wendylimmm,5,"Ordered during the live, some discount was given, the quality is good, comes with a nice velvet pouch, thanks seller."
wendylimmm,5,"Bought it with some discount, fast delivery, thanks"
cinowene,5,Bgt this larimar over live...its so pretty & good quality! It is quite chonky piece too! Super worth it!
lisa_stars,3,Ok. Not cheap for adjustable ring. Color is not bad. Metal is light and look basic. Box is not individual for the ring. Came with another ring. Still have to buy box for gift.
yixuanpenelope,5,I'd say these products are good quality! I cannot remember how many times I bought from them during their livestream and they never fail to disappoint me!
b*****o,5,Happy with the purchase and its very nice. Thanks seller for the fast response
q*****s,4,Had some hiccups with this order. But seller managed to settle for me and I received order in time. Have been buying from this seller and will continue supporting in future. Hope seller admin communication can be improved (:
l*****g,5,"received in good condition, looks much darker in real life than in pics!"
j*****3,5,Pretty items just as shown on live. Seller is super nice too!
j*****3,5,Pretty huggies earrings and fast delivery and well packed ! Thanks seller !
perfeten69,4,"As usual, impulsive buying during the live salesğŸ˜…ğŸ˜…ğŸ˜…ğŸ˜…ğŸ˜…ğŸ˜…. å®æ€é”™ï¼Œä¸æ”¾è¿‡! èµ°è¿‡ä¸è¦é”™è¿‡ã€‚Seller should inform buyer when items are ready for collection. Thanks ğŸ˜Š."
perfeten69,4,"As usual, impulsive buying during the live salesğŸ˜…ğŸ˜…ğŸ˜…ğŸ˜…ğŸ˜…ğŸ˜…. å®æ€é”™ï¼Œä¸æ”¾è¿‡! èµ°è¿‡ä¸è¦é”™è¿‡ã€‚Seller should inform buyer when items are ready for collection. Thanks ğŸ˜Š."
b*****e,5,The rings are beautiful and so stackable. Canâ€™t wait to wear them out.
vkhoo81,5,"Delivery was really fast. Love their new delivery guy. Very efficient. Getting more of jamstones bracelet. All so pretty. The babylon bracelet is so pretty, i am glad i bought it. I love phantom quartz alot and also their rutilated quartz bracelet."
k*****_,5,Love the bracelet! Super pinkish and matches the rose gold metal parts of the bracelet :) thankyou seller!
r*****e,4,"Successfully claimed during 12.12 shopee live. CS & communication could be better. Perhaps high volume of messages during this holiday season, but it took >1 day to have a definite response on estimated delivery date.."
cinowene,5,Beautiful Jadite ...this is my 5th purchases with Jamstones/Lavval!!! Highly recommended seller!
a*****e,5,Repeat purchase from jamstones. Good delivery service and seller is helpful. Item well recd 2 days after purchase. Thank you :)
lemonsugarpop,5,Ordered during 12.12 Live and received on 21.12. Seller is responsive in chat and thanks for assisting to expedite my order in time for Christmas. In love with the sparkling snowflake ring & earring set. Will definitely purchase again
vkhoo81,5,Love the stacker bracelet and opal earrings. They are so pretty. Opal fire is so strong.
yingyingchch,5,"Lovely simple designs and high quality product! 
Repeated buyer from this seller! ğŸ¥°"
n*****5,5,"First time purchasing huggies & they didn't disappoint ğŸ˜ It was ready really quickly too, got it during Sunday night's shopee live & ready for pick up on tuesday, in time for Christmas ğŸ‘ğŸ»ğŸ‘ğŸ»ğŸ„ğŸ„"
p*****n,5,Enjoyed the live so much! So many pretty items and of good quality!
gloomeybears,5,My citrine looking great with my wedding ring. ğŸ¥³ great buy! And great service! for helping me with my mistake.
tgp_jt,5,Item well received. Is small and match well with different bag.
vkhoo81,5,The golden sheen obsidian fumao is sooo cute. Must buy! Luckily i managed to buy one. Thanks seller for the patientâ€¦ ğŸ˜…
vkhoo81,5,"The bracelet is really gorgeous. Jamstones one piece design is really worth it! Really
Love their seraphinite and kunzite bracelet. All have gorgeous sheen!"
vkhoo81,5,The citrine ring is so pretty and the crystal size is what i like. Not too small
r*****e,5,Bought opal ring during shopee live. Like the new packaging. Won giveaway but some hiccup during self collection this time. Waited >30 mins at the storeâ€¦.
tgp_jt,5,Very nice and sweet! The hardware is very secure and shiny. Thanks seller.
perfeten69,5,Well received. Take bit longer to receive. Some alashan beads are quite tiny. Courier service (Ninja) ALWAYS DID NOT FOLLOW instructions! ğŸ˜¡ğŸ˜¡ğŸ˜¡ğŸ˜¡. Very disappointed!
a*****n,5,Fits perfectly. Love the necklace - pretty and length is adjustable. Bracelet is okay as in quality is average. Seen better ones elsewhere. Size is just nice. Packaging is cute! Thanks seller.
s*****8,5,"Ordered and waited quite long due to the disputed on the dispatch. After checking with the seller , immediately help to arrange via courier service. I received the next day . Thanks seller for the swiftly actions and service ğŸ¤©ğŸ‘"
carineneo,5,"Take a while to arrive, the Huat Huat cai shen is so nice. Thank you!"
s*****8,5,Have been buying numerous times. 12.12 deals great to receive all items before Christmas ğŸ„ beautiful bracelets ğŸ‘ and will buy again if any unique design coming up ğŸ¤©
c*****6,5,"Loving the bracelets! Admin was responsive, very very nice and understanding!! Fast delivery as well, shipped out yesterday and received today"
f*****n,5,Received item in good condition. Its rlly pretty. Hope to have better sales from seller
t*****8,5,Items well received in good condition and with fast delivery. Thanks seller!:)
a*****3,5,Very elegant and delicate.
sherrine1314,5,Nice items and relatively fast delivery.. repeated purchases... recommended
b*****o,5,Happy with the purchase. Hopefully the gems donâ€™t drop this time! Good buy. Thanks seller
cinowene,5,Repeated buying frm Jamstones...good quality crystal bracelets...worth buying!
l*****g,5,"received in good condition, lovely bracelet & a dainty red garnet ring."
y*****h,5,"Beautiful and well made designs! 

Only slightly sad that my previous moonstone ring the side zircon dropped only after single wear? 

Wondering any repair service? 

Otherwise, really pretty nice and attractive bracelet!"
p*****n,5,Super gorgeous!!!!!!! Collection at store is fussfree too. I love it!
y*****h,5,"Sparkling and well made bracelet! Love the designs and charm! 
Kudos to fast respond for the customer service team!"
yinmp2,4,Received in 5 days after order. The ring looks nicer in photos than in reality and on finger. This design would be nicer as a pendant than as a ring. Saw black spot inside the stone. Don't know if it's defect.
s*****8,5,Ordered on Dec 5 and received via doorstep on Dec 13. Took a week for local delivery properly due to festive season ğŸ„ğŸ§¡ is okay â˜ºï¸love the items are so nice ğŸ˜Š have been buying from them ğŸ¤©â˜ºï¸thanks seller âœŒï¸
caizienergy,5,Am very pleased with the item and packaging when it arrived. Iâ€™m sold bcos of that. But delivery took almost a week which is consider slow as itâ€™s a local seller. Had DM to push for faster delivery if not I think delivery would take longer. Delivery process can be improved.
t*****8,5,"Iâ€™m satisfied with my purchases, thank you seller. Will purchase again next time."
l*****2,5,My 3rd purchase and satisfied as usual
vickylhy,5,Bought during 12.12 live stream saleâ€¦ got it within 3 days ğŸ‘ğŸ»
s*****8,5,Well received via your doorstep. My fourth purchased from them and will continue to buy.This time the waiting time was much longer then my earlier purchased could be due to the festive season their business was super good . But is okay for the wait . Thanks seller for the bubble wrapped parcels ğŸ¤©ğŸ‘
nsl2010,5,Purchased the phantom quartz during shoppee live.....much smaller in size than I expected...really tiny........but its very interesting looking into the globe.....
nsl2010,5,Purchased the aquamarine ring during shoppee live...looks gd in pix ...but with lots of inclusions.......................
s*****8,5,"This is my 3rd time purchased. Items are Bubble wrapped , well received via your doorstep. Love itâ€™s to max ğŸ¤© is so beautiful. The actual is much nicer than in the Live . The ring also very niceğŸ¥³Still will buy if they have special and nice design . Thanks seller ğŸ‘"
qiqi_82,5,"Paid on 21 nov, received via courier on 6 dec. Had to resize to a loose fit which i like, so prolly the wait
Had to snatch from during live their bracelet very hot cakes
Quality very good the elastic is thick and crystals are pretty in rose gold spacers and charm, packaging is shiny too. Thank you!"
greendotalways,5,Bracelet fits perfectly and looks nice !!!! First time buying
cherylannchong,5,1 week to receive an instock and ready product (their last and only piece). Pretty long considering local seller. But overall still happy with my purchase!
greendotalways,4,"Waited over a week for delivery, abit slow but all looks nice !"
l*****2,5,Pretty simple nice ring
l*****g,5,"received in good condition, got the bracelet together with the stacker ring."
l*****g,5,"received in good condition, first time purchasing ear rings from them."
graciesng,5,2nd purchase from Jamstones....this time a pretty Aquamarine ring for keeps.
lionyn,5,"Not my first purchase from Jamstones. Simple, pretty and feminine!"
vkhoo81,5,"The rings are so gorgeous, itâ€™s suitable for daily wear as itâ€™s dainty. Love all their rings, now i have so many i dunno which one to wear first."
vkhoo81,5,"The rings are so gorgeous, itâ€™s suitable for daily wear as itâ€™s dainty. Love all their rings, now i have so many i dunno which one to wear first."
joy_ce,5,Order received with thanks. Very beautiful. Will definitely purchase again.
k*****l,5,necklace came in a very nice packaging. so pretty. ninjavan service is great with updates on the delivery status compared to others. Person who delivered was also very polite.
q*****s,5,Bought during 11.11 Shopee live sale. Super worth it! Love it so much. Would have bought more if I was quicker ğŸ˜‚ hope the upcoming 12.12 sale would be amazing too ğŸ˜›
baoyibaobao,5,Really love this topaz ring !! Thankyou for also replacing my older rings â¤ï¸â¤ï¸â¤ï¸
perfeten69,5,"The BESTEST deal!!!!! BEAUTIFUL bracelets... å®æ€é”™ï¼Œä¸æ”¾è¿‡! You will never regret... ğŸ˜…ğŸ˜…ğŸ˜…ğŸ˜…ğŸ˜…. The price is so affordable much better than getting over from the shop. Lololo.. they are so gorgeous. 
I'm addicted on it! Never miss from the LIVE sales.. ğŸ¤£ğŸ˜‚ğŸ¤£ğŸ˜‚!!!! 10Q ğŸ™ â™¥."
e*****s,5,good quality and received product as advertised. highly recommended!
icy_sky24,5,Had it customized and took some time as they are very popular now! This is such a pretty gift and I hope  recipient loves it too. Thks seller!
r*****e,5,Bracelet is so pretty. Awesome buy during 11.11 shopee live sale! Repeat purchase from seller
b*****o,5,
cinowene,5,Repeated buyer cos their quality of crystals r good & superb! Service is very good too! Highly recommended!
n*****s,5,"Bought these 2 rings off live, love the tiara looking one more!!!! Took awhile to reach me but i think itâ€™s cos of 1111 sales but worth the wait. Looking forward to more purchases with jamstones!"
tentenphang,5,"Beautiful ğŸ¥°ğŸ¥° , lovely ğŸ˜ğŸ˜ & gorgeous ğŸ’•ğŸ’• bracelet. Very happy with my purchase. I'm it will bring me luck & well protections.â¤ï¸â¤ï¸â¤ï¸â¤ï¸"
x*****e,5,Love the bracelets and rings! All my crystal items from them.
x*****e,5,Love the bracelets and rings! All my crystal items from them.
shiyatann,5,Well received! Nicely packed ! Love it so much! Thank you!ğŸ¥°
tgp_jt,5,Well received. It was nicely wrapped and secured. Just nice for Christmas gift.
v*****1,5,"The rings are so pretty, love the necklace too. It is smaller than the 1st necklace i bought so now i have 2 sizes to wear."
tgp_jt,5,Good well received. This is really lovely and very nice. So happy with the purchase
tgp_jt,5,Well received. Really beautiful. Thanks seller wrapped it nicely.
k*****n,5,Ordered 21.11 delivered 26.11. Very pretty and dainty stacker ring! (:
candiceckl,5,Very beautiful items bought it during live sale which is worth it! Thanks seller!
l*****2,5,Very nice ring. My hand small so cant wear big rings this one jus nice. Elegant looking garnet ring
f*****n,5,Previously received a defect ring - gem fell out. Seller did a prompt service recovery and offered an exchange or store credits. Got 1 ring as service recovery and the other was bought
l*****g,5,received in good condition! simple yet cute piece. their bracelets are always so nice ğŸ˜¢
joyceleecheng2,5,Received the lovely bracelets and necklace! Unfortunately the bracelet meant for myself was like XXS unlike the previous piece I received. But allâ€™s good as the kind vendor does resizing at the physical store. ğŸ˜Š
yixuanpenelope,5,My 3rd buy and still no regrets! Fast delivery and good quality products! Pocket forever got hole every time jamstones have livestream!
dextortan,5,"Bought Fumao and mystery box during their shopee live. Fumao is tiny, but just the right size to sit under the citrine tree which was also bought from them. Good deal for the mystery box, $30 with so many crystal in the box, lucky i was fast enough to grab it in their live."
j*****e,5,Super pretty and adjustable ring! Delivery was pretty fast too! Thank you seller!
x*****x,5,Nice crystal and receive in very good condition. Each comes with individual pouch. Love it
x*****x,5,Nice amethyst necklace. It look clear and purplish. Nice buy.
m*****z,5,Delivery took more than a week. Well wrapped and items received well. Bought in time for xmas gifting!
perfeten69,5,Very happy with my purchase. They are so beautiful and value for money. Should grab more during live sales...ğŸ˜›ğŸ˜œğŸ¤ªğŸ˜€ğŸ˜ƒğŸ˜„ğŸ˜.
vaslynn,5,love the bracelet so much!! seller very friendly too! delivery is very smooth!
vaslynn,5,love the bracelet so much!! seller very friendly too! delivery is very smooth!
vaslynn,5,love the bracelet so much!! seller very friendly too! delivery is very smooth!
l*****g,5,"received in good condition, adjustable ring and itâ€™s v pretty!!"
k*****n,5,"Ordered 11.11 delivered 20.11. Very dainty and cute, love it! Good as gift (:"
cinowene,5,Bgt this during Live...super worth it...the quality of the crystals r amazing...it is so pretty too!
sukwek,5,"Item received in well bubble wrapped envelope. Nice little key charm, thanks seller !"
joyceleecheng2,5,Thrilled to receive my black-toned bracelet! The ladies at Jam Stones have outdone themselves again in assembling this bracelet. ğŸ˜ğŸ’• Thank you!
perfeten69,5,Beautiful combinationğŸ’™ğŸ’™ğŸ’™ğŸ’™ğŸ’™ğŸ’™ğŸ’™... Love it to the max!!!! Well packed. ğŸ‘ğŸ‘
karenlimlcl,5,"Collect at the shop, easy n friendly staff. Love the ring ğŸ˜"
b*****o,5,Happy with the purchase and well packed ! Thankyou seller for good and pretty rings !
s*****y,5,First time buying. Item received in well-packed condition. Definitely will purchase!
j*****3,5,Happy with the items and things were well wrapped! Thanks seller !
yixuanpenelope,5,"My 2nd order from seller! This order came super fast and items as usual was very well wrapped! Seller packed my items in a gift wrapped box which is very thoughtful, seems like buying myself presents!"
wendylimmm,5,"First time buying this bracelet via Shopee Live, the item is well packed. I bought it for my mum and she loved it. Thanks. ğŸ‘"
joyceleecheng2,5,Lovely ametrine ring as it is the chunkiest at that nightâ€™s live stream . Hope the ladies will do chunky statement rings one day. The cutesy tiny rings are too sweet and does not make a statement. ğŸ˜‚
perfeten69,5,Beautiful ğŸ–¤ğŸ¤ğŸ–¤ğŸ¤ğŸ–¤ğŸ¤ combination. Love it to the max. Well packed ğŸ‘ğŸ‘.
cinowene,5,Bgt during Live! Very happy with the purchase! Highly recommended!
___umi___,5,"Love the bracelet. Rutilated quartz & obsidian is faceted. The snowflake charm is pretty. Overall, very ğŸ™‚. Thank you."
b*****o,5,Happy with the purchase! It was well packed and delivery was pretty fast ! Thankyou !
candiceckl,5,"Item well received and in good condition, thanks seller. Love the crystals so pretty!"
dreamer.sk,5,Well received in good condition. Each ring nicely placed in ring box and bubbled wrapped. Cute citrine star and black rutilated quartz rings.
bellajojo,5,2 purchase . nice and beautiful
candiceckl,5,Item well received but not sure whether is it the correct side though. Need to check with seller
a*****n,4,"Item received in good condition, pretty design bracelet but almost 2 weeks of waiting time."
viviantwelve,5,Bought during live. Took a while for seller to dispatch. Delivery is fast. Received in good condition.
s*****8,5,The ring is so pretty!!!!! Prettier than shown on the shopee live.. Love it!
yixuanpenelope,5,Item received promptly! Got the ring during their live and totally loving my purchase! Will continue to buy from their live coz it's a good deal!
y*****m,5,Thank you for expediting the shipping! I appreciate it very much!
joyceleecheng2,5,Very glad to receive my purchases after some time. ğŸ˜Š The unicorn is tinier than expected though but am sure it will be loved by my recipient. Love the larimar pendant. Thoughtful of seller to add in a care card for the jewellery. ğŸ’•
ritanatasha,5,Well received. Oh my god so pretty. It's no regret buying this even though price is expensive.  Looks exclusive and pretty. Can't wait to wear it.
felichew,4,Bought the jade pendant during Live. Delivered in 11 days. Delivery man ask whether can put in mailbox & I agreed. But the parcel cannot fit in the opening & he just left it half in/out. Awful delivery service.
sharmaine_lim,5,"First time buying from them. Took quite some time to receive, maybe due to customisation."
honeyclouds22,5,Very pretty and good quality item! Love the larimar necklace!!!
ntls0x4yqa,5,Really love my ring! Look at the sheen! Thanks seller for the pretty dainty ring ğŸ˜Š
j*****3,5,Love the ring so much and items was well packed when delivered.
ntls0x4yqa,5,First time purchasing bracelet from seller. Itâ€™s super gorgeous! The stones are very pretty! Highly recommended ğŸ˜Š
dreamer.sk,5,"2 Unicorns Quartz, both are pretty in its own way. Cant decide which to keep and which one to gift to a dear friend. Well received in good condition. Bought it during live sales with 8% off."
sherrine1314,5,A beauty !! My 2nd purchase!!  ğŸ¥°ğŸ˜
j3nnyyeo,5,"Product receive in good condition, unique and pretty. Good to get using vouchers. Thank you ğŸ˜Š"
___umi___,5,"Beautiful bracelet. Love itâ£ï¸If I could improve it, I would make it less bling but the stones are pretty!"
sherrine1314,5,1st purchase... Nice bracelet .. i ordered for in rose gold but came in silver.. but it is ok.. still pretty
a*****s,5,first time purchasing via a livestream. will be placing my next order again during november (:
r*****l,5,"phantom quartz necklace w complimentary rose gold chain! Peachy bracelet with Peach moonstone and sakura agate, pretty crystals! Repeated purchase with seller! ğŸ˜Š"
y*****m,5,Got this during the 10.10 Live sales. Blue topaz to help me cope with anxiety. Thank you so much.
ritanatasha,5,"Nice citrine ring,  loving it so much.  Thanks Jamstone."
ritanatasha,5,Lovely moonstone ring.  Ordered few items already.. Loving it so much
dreamer.sk,5,Bought it during live sales with 8% voucher. Have always love druzy agates and star is my fav icon. I dont have a brown piece so decided to grab it.
y*****9,5,[ 38J ] â™¡ So amazed by how beautiful it looks near the sunlight. It's like transparent starfish under the ocean. ğŸ˜ğŸ’“
a*****3,5,Very beautiful and sweet rings. They will fit on any fingers and thanks to the adjustable ring mechanics. Very nice dealers and their service is superb. Will purchase from them again.
l*****g,5,"received in good condition, pretty bracelet from the 12.12 marathon ğŸ¥° moissanite ring is a tad bit expensive in my opinion ğŸ˜…"
sherylyeohq,4,Not perfect with a bit imperfections here and there. Wasn't mentioned during the live of the imperfections though they did show the piece and i wasnt able to see it..
evetoh88,5,"Lovely Fumao bracelet ğŸ¥°ğŸ¥°ğŸ¥°
So happy to got it on live! 
Fast selling and sold out within few mins."
rorokeat,5,Beautiful rings n bracelets from Jamstones as always :D
evetoh88,5,"Whee~ As usual, never fails me. Love all the gems and crystals ğŸ¥°ğŸ¥°ğŸ¥°
Is so hard not to bid in live. 
Their packaging are superb and nicely box up!
I realised all the rings and bracelets are of certain weight. They are of good and high quality too! Legitâ£ï¸â£ï¸â˜ºï¸
This is why I LOVE to buy from Jam~"
evetoh88,5,"Whee~ As usual, never fails me. Love all the gems and crystals ğŸ¥°ğŸ¥°ğŸ¥°
Is so hard not to bid in live. 
I realised all the rings and bracelets are of certain weight. They are of good and high quality too! Legitâ£ï¸â£ï¸â˜ºï¸
This is why I LOVE to buy from Jam~"
t*****m,5,Love my citrine ring flower. Good for killing time and release stress too haha. Thanks.
sophieaqua,5,Loving my jade bracelet from the live sales. Got this full one with yuan bao and a trio bracelet for my sis. Only downside is that the trio bracelet is really loose even if we have it at the tightest.
van_nga,5,So happy i managed to snatch this limited fumao arm candy during live! It is so pretty and sweet looking ğŸ˜
m*****7,5,Super nice. Feel so happy simply looking at it.
f*****o,5,so chio how to not love it hehehehehe. had to resize it smaller to 14cm but it was definitely worth the waitğŸ˜
r*****l,5,"spinel ring was bigger than expected, unique orangey pink color!"
graciesim,5,Received the bracelets. Love all but super love this larima one. Thank you ğŸ‘ğŸ»ğŸ‘ğŸ»
b*****o,5,Happy with the purchase and items were well delivered. Thankyou
nycrisa,5,Round and round it goes~~ Whee~ such a fun and bling set. can't wait to wear them! ğŸ¤©
n*****5,5,Happy with my purchase! The rings are so pretty ğŸ˜ğŸ˜ Opted for self-pick up they even helped re-size & offered to cleanse my crystals ğŸ‘ğŸ»ğŸ‘ğŸ»
dextortan,5,Delivery took quite a while to reach me. But the ring is really well designed. My wife like it a lot.
colynxfang,5,I live for the pretty designs! So happy with the rings! Thank you!
makeup_puppet,5,This bracelet can so quickly! Thanks!! Love this one very much too!
q*****s,5,Bought during Shopee live. Looks nice. Will support again if fingers are fast enough hahaha
v*****n,5,"Finally arrived afte long waits!! But worth all the waiting! Thank you ladies for the hard work,it makes my Monday blue even blue from this! ;p"
colynxfang,5,
sylohdarren,5,Beautiful piece! Loving the natural details! Always so happy to get such beautiful items from them!
yanyangarciacarpio,5,Very pretty
w*****m,5,"Got during live sale! Fast and reliable delivery, thank you seller. Item is as described. Happy to support local seller! WYSIWYG! ğŸ‘ğŸ»"
i*****l,5,Indeed beautiful rings and earrings. Worth the price esp during inserting the coupons!ğŸ˜˜
f*****n,1,"Gem fell out immediately after I confirmed order - pm-ed seller immediately, still awaiting response. Received order just today, wore less than half an hour and gem fell off. Didnt even drop the ring or anythingâ€¦"
h*****o,5,"Delivery took a very long time but they offered to send earlier when I enquired about it. Stacker ring is pretty although the moonstone ring looks better in live. Moonstone sheen is lacklustre irl, but still a pretty ring nevertheless ğŸ¥²"
f*****w,5,Bought during Live a moonstone pendent. Moonstone smaller than it looks during Live. Approximately 1.4 cm in diameter and the size of the big stone on a bracelet. Delivered in 11 days.
l*****g,5,Beautiful earrings and they are well packed in an accessory box.
m*****0,5,Always love Jamstones bracelets and rings ...bought many from them .. best quality
m*****0,5,Always love Jamstones bracelets...bought many from them .. best quality
o*****4,5,very pretty rings! love it
r*****l,5,loving the rings!
a*****n,5,Items received in good condition. Repeated order. These rings are absolutely gorgeous.
a*****n,5,Items received in good condition. Repeated order. These rings are absolutely gorgeous.
r*****l,5,rainbow chakra ring! ğŸ˜
t*****m,5,"Received in good condition, love the rings esp the love blue topaz. thank you much"
t*****m,5,"Thank you for the great after sale service.
Love my rings â¤ï¸ğŸ˜"
_ireneam_,5,ğŸ¥°ğŸ¥°ğŸ¥°ğŸ¥°
carolang,5,"My rings collection from Newage (store), Lavval & JamstonesğŸ¤— They are so pretty and sweet"
vanessamelina,5,Super worth it for the mermaid and the rose quartz tree!! Got them at a good bargain! Thanks jamstones! Delivery dude was most polite and responsible!! Two thumbs up!
llclq,5,Received my loot.So pretty! Citrine huggies not as sparkling though.The blue opal is super nice! Thanks for the beautiful jewellery box too.
carolang,5,"My rings collection from Newage (store), Lavval & JamstonesğŸ¤— They are so pretty and sweet"
carolang,5,"My rings collection from Newage (store), Lavval & JamstonesğŸ¤— They are so pretty and sweet"
c*****g,5,"My rings collection from Newage (store), Lavval & JamstonesğŸ¤— They are so pretty and sweet"
c*****e,5,
s*****5,5,The ring is very pretty. Tanzanite is of good quality and very clear.
r*****l,4,"delivery was fast, rings are pretty! but could have provided a better customer experience to clean fingerprint marks and adjust the amethyst heart ring properly bef mailing the items."
s*****5,5,The bracelet is very pretty. The phantom heart is clear and of good qty and dzi qty is good too.
lrinlim,5,Item received in good condition. Speedy delivery as well. Love the fumao bracelet!! Thkq so much beb..!! Repeated purchase. Highly recommended.
r*****o,5,Very beautiful. Need to downsize the order a bit. Thank you for the pouch and seal bag
r*****o,5,Very beautiful. Need to downsize the order a bit. Thank you for the pouch and seal bag
rachelxooo,5,Very beautiful. Need to downsize the order a bit
n*****5,5,Delivery took more than a week due to custom made. Seller is fast in response and helpful when problem on the crystal. Provide exchange but need to go down to Dhoby Ghaut.
christelong,5,Extremely pretty!!!!
p*****o,5,My second piece from Jamstones as usual the bracelet is beautiful.
evetoh88,5,"Quick delivery, received within 4wds!
Very satisfied with all the lovely gems~ 
Soo happy to bid my first ring during the first live! Gorgeous
Thank you for the free Ang Bao. Not to forget, excellent service provided and seller is super patient with my numerous queriesâ£ï¸â¤ï¸
Definitely purchase again."
a*****n,5,Items received in good condition. Repeated purchase! Love them.
a*****n,5,Items received in good condition. Repeated purchase! Love them.
nycrisa,5,Got my lovely steal! Another pretty bracelet to my growing stash. ğŸ˜
tanny4883,5,"A very pretty pair of earrings which the photo is not doing any justice to it. 

2nd purchase from JamStones and many more to follow.

Thanks seller!"
ttxle4tjbs,5,Nice aqua blue earrings
r*****l,5,love the ring but kiv change for sakura agate for the bracelet. otherwise pleased w purchase
h*****1,3,Colour deviate from sample quite a lot. Understand about the difference in natural crystal but bit disappointed as seller did not notify in advance.
llclq,5,True to the pic shown.Is really very nice. Thanks a lot
l*****n,5,"The full bracelet is so pretty, lots of wealth stones and design is nice!"
r*****l,5,pretty!
m*****0,5,Always buy from jamstones .. their bracelet s are the best.. all nice ..love it
s*****a,5,Repeated buyer and never fails to impress me. Gorgeous piece and sweet earrings. Happy with the purchase.
s*****a,5,Super cute pixiu bracelet. So happy to be able to collect it before cny. Repeated happy buyer.
iwc1711,5,Fast delivery than expected. Very beautiful and good quality. Will definitely buy again and recommend to others.
a*****n,5,Item received in good condition. Very pretty like the others purchased earlier. Highly recommended.
v*****3,5,"The bracelet is packed nicely in a bubble wrap packaging. Super pretty bracelet, can't wait to wear it!"
b*****1,4,Although thereâ€™s some delay on the delivery but received in good condition but seller did not give the right size. Seller is also nice and said that i can go down to their shop and do the resizing again.
s*****5,5,Super huat bracelet is very pretty. The crystals are of good quality. Love it.
e*****8,5,Quick and fast delivery!! Item received in good condition!!
p*****8,5,"Mom loves both the Tourmaline rings received and looking forward for Jamstones Livestream. Honestly, we wanted to claim whatever appeared in the livestream ğŸ˜… every piece was a Jem and made you wanted to type out claim claim claim ğŸ˜‚ Thanks for the good customer service and support â¤ï¸"
jessicaaachew,5,Thank you for sending these out before the year ended! Got these delivered nicely by 31st Dec and it was simply gorgeous. This is my first Shopee live purchase made & no regrets! Thank you seller for this beautiful ring ğŸ˜ but still not sure if it will last long - hopefully wonâ€™t get rusty or sth :(
r*****l,5,"love the main crystals, all look so pretty! ğŸ˜Š"
r*****l,5,excited to receive my ruby bracelet!
sharon161174,5,Love this huat huat bracelet!
makeup_puppet,5,"As usual , lovely crystal bracelets with really pretty colours. Great quality too. Thanks !"
caramelmachiez,4,"My 1st purchase from seller. Items came nicely packed, very considerate of seller to include the stones n crystals properties & benefits. Got this during their LIVE & it was really crazy with bracelets snapping up they moment the tray was down. Will just buy frm their store next time ;)"
d*****g,5,Love it! Very nice and of good quality.  Customer service was very nice and prompt.  Delivery very fast
l*****e,5,Pretty ear and arm candy for cny !ğŸ˜
h*****1,5,Good deal during shoppee live! Good quality and value for money. Very pretty. Will repurchase.
y0ke12,5,Very pretty zodiac bracelet! ğŸ˜
ttxle4tjbs,5,Pretty like the color combination
tiarazz,5,The actual bracelet is very pretty and the Jade has a nice shade. Quality looks good. Loving it.
tiarazz,5,Nice bracelet and quality and workmanship is good. Canâ€™t wait to wear
y*****1,5,Nice but the size a bit big
cassandralyp,5,å¥½ç¾å–”â‹¯â‹¯love it ~ just that delivery takes abit long.
___umi___,5,"Fortune cat charm is small and cute. Finally got a phantom quartz bracelet. Next, a bracelet with a large white phantom quartz."
___umi___,5,The colours of the strawberry quartz and red tiger eye compliments each other well.
___umi___,5,Neutral colours of Alashan. Subtle and elegant.
nycrisa,5,Got my lovely items. ğŸ˜†
nycrisa,5,Got my lovely items! ğŸ˜†
janicelim1707,5,Love it
sharon161174,5,Nice bracelet.
a*****n,5,Items received in good condition. Lost count how many times i have bought items from Jamstones live. Items are prettier than seen in live. Love them.
c*****i,5,so pretty! thank you ğŸ’˜
ttxle4tjbs,5,Like the bracelet quality and 4 colours range combination
e*****4,5,Always got very pretty items from the weekly live sales ğŸ¤—ğŸ˜‚ items are of top quality.
van_nga,5,Beautiful rings and fast delivery! Thank you! ğŸ˜
van_nga,5,Beautiful rings n fast delivery! ğŸ˜
a*****n,5,Items received in good condition. Pick up directly in store and it was much faster. Admin very responsive in giving assistance. Highly recommended.
s*****a,5,Very nice earrings and always happy to purchase from them. Superrrr nice and better in real life.
s*****a,5,Very nice item and always happy to purchase from them. This hp holder is very coollll
joannesng1408,5,"Well received. Both bracelets stunning, in terms of color of the stone, quality, packaging, services, all are awesome. Forget to add, fast delivery too. I am super happy with my purchase."
nycrisa,5,Pretty! They have too many pretty stuff till I'm buying a lot of new stuff. ğŸ˜‚ğŸ˜…
a*****n,5,Items received in good condition. Delivery took almost 10 days but am still happy to receive the item. Repeated purchases because items are so pretty.
m*****0,5,Very cute stacker jamstone bracelet. . love it.. Bought during live flash sales..ğŸ‘
a*****n,5,Items received in good condition. Delivery took ard 10 days but happy with purchases.
plussizebeauty,5,"VERY PRETTY COLOURFUL RING.
I LIKE IT SO MUCH. FAST DELIVERY AND ITEM AS DESCRIDE VERY WORTH BUY."
o*****a,5,Got this during the 12.12 live stream. Very pleased with the purchase. Only bugbear is that i should have had gotten a bigger stone... ğŸ˜†
b*****9,3,sad at the quality of larimar beads but since itâ€™s on sale so canâ€™t complain much too. Would cost $40 to replace it to a better quality ones~ so end up it will be over $100. Not worth. Very competitive to claim over live sale. Can only blame self for claim without looking. Canâ€™t blame seller.
t*****y,5,Managed to get 2 bracelets during 12.12 sale. This citrine bracelet is so pretty n worth it. Also bought bag charm as gift. Smaller than expected but pretty as well. If can make it bigger will be better.
ttxle4tjbs,5,Selenite bowl is really solid. Satisfied with the quality
ttxle4tjbs,5,"Love this critine ring, bling yet refine"
t*****e,5,Very pretty and gd quality bracelet. Lovely crystal! Thanks for the gd service to best meet the customers' request!
e*****4,5,Very efficient and speedy in replies! Items are always very pretty too.
r*****l,5,"silver rutile bracelet is my latest bracelet, super classy and love the rutile and moonstone sheen! ğŸ˜Š"
r*****l,5,"nice ombrÃ© ring resized to fit my finger, friendly staffs w good service!"
p*****8,5,"Whenever went in to watch their livestream, will end up checkout their rings. All so attractive and couldnâ€™t hold back the urge to buy. So was my sister and colleagues."
ttxle4tjbs,5,Actual item even nicer than pics
xujinyi,5,Items well received. Very prompt delivery. Good quality. Thank you!
t*****y,5,Managed to get 2 bracelets during 12.12 live. Bidding was aggressive n fast on that day. Very happy with my purchase. So worth to get during sales.
junetmh006,5,Love it and very nice ğŸ’–ğŸ’–ğŸ’–
xujinyi,5,Items well received! Love the designs! Good quality. Thank you... ğŸ‘
c*****y,5,Very pretty bracelet. So much excitement when buying on shopee live. Iâ€™m so tempted to buy more ğŸ˜
l*****e,5,Happy with my purchase! Looking forward to next live sale!
r*****l,5,"lovely kunzite w jade, bgt at $69 on 12.12, happy w my purchase! ğŸ˜Š"
k*****o,5,Quick delivery. Nicely packed and nice bracelet. So gorgeous
nycrisa,5,Got a red spinel to add to my red rings. Some slight occlusions at one corner but a lovely crystal and ring setting that I don't have.
sharonkaiwen,4,"Custom made a necklace in silver hardware, looks similar to the one I bought previously though, but crystals used are more pricey"
euphony_4,5,Very prompt responses and quick work! Items are always very pretty as well and the ring was a gift for a friend who loved it.
l*****e,5,Stacker ring and garnet earrings look so pretty IRL!
xji3x,5,item well received
nurulesharil,5,
nurulesharil,5,
ahk3ow,2,Cute ring. Chatted but didnt ans my qns until nxt morning. Saw e reply at nite. End up e $5 live voucher expired n they can only give $2 V. They also can't hold item till their next live. Informed them pyt made but no reply thereafter. Duno ring is mine or nt. 1wk to receive item. Bad experience
c*****8,5,Received all items in good condition. Their live stream was addictive. Could not resist when seeing the Tanzanite rings and claimed it.
m*****0,5,Very Pretty rings ..always like Jamstones  products... bought during live sales..delivery fast as well
a*****n,5,Items received in good condition. Much prettier in person. Really good product from Jamstones. Took a while to deliver but i am a happy customer.
c*****e,5,Very nice and pretty.
makeup_puppet,5,Super pretty ring and earring from lice Shopee sale! Thanks! Love them very much!
s*****5,5,The earrings and ring are so pretty and shiny. Love them very much!
namiemooko,5,"Love their crystal,thanks!!"
a*****n,5,Items received in good condition. Had fun claiming the items on live. Items are very pretty especially bag charm.
s*****a,5,Super cute cloud and very nice col. Bracelet is so pretty and happy with the purchase.
s*****a,5,super gorgeous earrings. Repeated buyers and their service as always superb.
nycrisa,5,Got my 12/12 bracelets which was at a steal. honestly thought that the pale green one was white jade as it looked white during the live session. It's a gorgeous one either way. ğŸ˜
j*****o,5,Looks gorgeous irl! And theyâ€™re decently priced as well.
f*****c,5,Pretty bracelets during 11/11 sale! have bought from them many times already.
e*****4,5,Happy with all the purchases thus far! Grabbed really good deals during the live ğŸ¤©
huihuisnorlax,5,Pretty earrings and rings! Nice packaging tooğŸ˜Š
ivybaggy,5,"Beautiful ring, love it, thank you seller."
junetmh006,5,Very nice. Love it
m*****0,5,Fast delivery and good product.. surprise box is worth to buy.. love all of the products from jamstones
p*****8,5,Gorgeous Tanzanite Rings and Earring received in good condition. My sister also loves their rings collection.
p*****8,5,Gorgeous Tanzanite Rings and Earring received in good condition. My sister also loves their rings collection.
m*****u,5,Love the stacker ring! Thanks!
vwcgl,5,So happy to unbox this parcel. Bought a citrine ring + citrine necklace + aquamarine ring. All are so pretty ğŸ˜.  Love it to the max especially the citrine ring are of high grade. Seller provide a nice dust bag ğŸ¤— Thank you.
nycrisa,5,My xmassy feel blue and white bracelet on top of the selenite blossom plate! The Petersite bead has is really pretty with a swirl patterns that moves/change color when light moves across the surface. ğŸ˜
vwcgl,5,So happy to unbox this parcel. Bought a citrine ring + citrine necklace + aquamarine ring. All are so pretty ğŸ˜.  Love it to the max especially the citrine ring are of high grade. Seller provide a nice dust bag ğŸ¤— Thank you.
nvmjo,5,Items received thank you so much!
ttxle4tjbs,5,"Quality pretty good satisfy with my purchases, but find bracelet charm a bit small, modest type.. Maybe aim is to focus on the bead.. Will buy again"
w*****n,5,Very nice rings. Worth buying. May purchase again
renesl,5,beautiful larimar with moonstone!
m*****i,5,Well received. Quality is good and my wife loves it. She has bought more than once.
renesl,5,this topaz ring is really pretty!! ğŸ˜
nycrisa,5,"Got my spinel and diopside rings, and the cute bag charm! Thanks!"
ttxle4tjbs,5,"The earrings is refine, very nice, like it very much"
iiiris1117,1,Bought 2 items from this seller. One is a lavender fluorite fairy priced at $89. Saw another seller selling the same at $38. Received the $89 and $38 fairies and they are exactly the same. This seller mark up by a lot. First & last time buying from this place. Pls compare prices before u buy.
s*****a,5,Very nice items. always feel very satisfied and happy with their crystals and services.
s*****a,5,Very nice items and always very satisfied with their crystals and services.
nvmjo,5,First time buying live at shoppe! Items received in gd conditions and pretty too! Definitely will buy more on the live sale for good deals!
nycrisa,5,Got my dark opals ring (red n green fire) and earring (just green fire) ğŸ˜Š
r*****l,5,the wine garnet ring is so pretty! ğŸ˜
r*****l,5,the mystery box $30 is super worth!!
r*****l,5,white opal ring w stacker! ğŸ˜
kimloe89,5,Super fast delivery tbh. Nicely wrapped and came in a mini box.. I love it!! Looks better than expected..
s*****2,5,so beautiful i love it! ğŸ¥°
c*****o,4,"Although I had instructed the delivery guy to leave my parcel at the riser, he just left it on the floor in front of my door. Who is going to be responsible if the parcel got lost? Very irresponsible!"
sourlove35,5,1st time buying.  Very nice rings with box packaging.
nycrisa,5,Got my tanzanite ring. Another pretty buy!
t*****y,5,Purchased several times from Jamstones. Their bracelet designs are beautiful. I like the star shape bloodstone. Lovely bracelet.
bellalai321,5,love et
1206kt,5,Well received. Thanks
t*****y,5,First time getting mystery box. Items are well packed with bubble wrap. Will be ideal if can include a small list of crystal names for the items sent. I tried to search on website to identify what crystals I have received cos still rather new to crystals names n benefits.
j*****o,5,Got during 1111 live sale. Very pretty as always!
superpanda,5,"Few times bought from this seller, crystals are really good quality and thumbs up service. Bag charm is very pretty. Happy with the purchase."
241169ling_.,5,Hi seller received good condition super nice pcs . ğŸ˜Š thanks
s*****5,5,The flourite bear is small but very cute. The flourite is clear and colour is nice!
rik0ooo,5,So pretty! Love it so much..
e*****4,5,Necklaces are super worth it!!!! Check out the flash in moonstoneâ€¦. Iâ€™m in love with it!!!
nycrisa,5,Got a Mystery Box at $30 (see contents in pic) with pretty good stuff ğŸ˜†ğŸ˜† and a lovely fluorite hello kitty charm that's going to be an Xmas gift.
nycrisa,5,Another pretty ring buy. Wanted another dark/black crystal ring and this one will match my smoky quartz pendant too.
s*****e,2,"Items are nice & pretty. However, delivery took too long. Furthermore, it was a disappointment. The exact item & designed that was advertised was not on live. When you checked with the hosts, we were told that it was already sold? Does that mean we can claim offline too?"
lala_sani,5,Nice!
b*****o,5,very beautiful piece . seller was helpful and prompt in answering questions . thumbs up
nycrisa,5,Another lovely multi color ring buy. ğŸ˜
m*****i,5,Well received. The ring is beautiful and my wife has been buying a few these days.
sweetdonuts92,5,"Got this pretty moonstone ring through their shopee live. As usual, welcome by friendly and helpful staffs when i self-collect my items :)"
d*****2,5,
r*****l,5,a pretty piece of blue sheen moonstone bracelet!ğŸ˜ note that crystals come w natural inclusions. thank u Jam and team for accommodating to my requests! ğŸ™ğŸ»ğŸ‘ğŸ»ğŸ˜Š
r*****l,5,iâ€™m totally in love with the moonstone sheen! ğŸ˜ğŸ˜Š
t*****y,5,Very nice bracelet! First time buying 17mm crystal. The blue sheen moonstone is beautiful under light. Wanted lucky clover charm but order is not updated. Will have to bring it down to shop for change. The current charm looks too small to match with the 17mm crystal.
nessada69,5,"I was pleased to receive the bracelet, itâ€™s beautiful. Good quality and all the beads complement each other. Thank you seller"
nessada69,5,"I like the butterfly charm very much, I have no regret choosing it. It complements my bracelet. Thank you"
makeup_puppet,5,Another very pretty bracelet! Thanks for all the lovely crystals !!
r*****l,4,"princessy ring but coz of the design, adjustment of size is abit tough."
r*****l,4,classy citrine ring for my mil.
serenewang83,5,Love it!!
s*****5,5,The earrings are so pretty! I love them very much! The quality is very good.
e*****4,5,Order was mixed up because the charm was wrong. So had to go down to Dhoby Ghaut to have it changed. Staff at the shop were very helpful to ensure the sizing was correct and swop the charm from my other bracelet. Thank you!
galaxybella,5,So elegant!!
j*****o,5,"Bought during live sale, very pretty as usual. thank you!"
h*****1,5,Good quality and clear crystal. Good deal during sale. Looking forward to next sale. ğŸ˜€
h*****1,5,Good quality and clear crystal. Good deal during sale. Looking forward to next sale. ğŸ˜€
renesl,5,top up $10 to upgrade to M bowl.
nycrisa,5,Got my waterhue lavender jade bracelet! It's so pretty ğŸ˜
renesl,5,"Love the bloodstone, actual was prettier!"
serenewang83,5,When I saw this in live .. I faster grab it!! You are so beautiful!!
c*****e,5,Pretty ğŸ˜
toh_nest,5,First purchase thru Live session. In love with these rings! Nicely wrapped and delivered.
nycrisa,5,Got 2 rings during one of the Shopee Live and they are both very pretty. Not used to the lightweight of the rings though as my usual ones are usually of a thicker band. Items were all packed nicely and shipped out just a few days after. ğŸ‘
takakohazelnut,5,Happy with my purchase from my favourite crystal sellers. Thank u!!
renesl,5,"london topaz and aquamarine,bought separately so dainty! ğŸ˜Š"
j*****o,5,Nice piece
sweetdonuts92,5,"So beautiful, got it during shopee live. No regret getting this item hehe :)"
c*****7,5,Received with thanks.
___umi___,5,Very well packed with layers of bubble wrap. Thank you.
vasha02,5,Quick delivery and very pretty rings! Got a pair of earrings too. A little dangling but very pretty!! Recommended seller!
lynnlee212,5,Very pretty bracelet. Worth the money. Fast delivery. Thank you
lynnlee212,5,Very pretty bracelet. Worth the money. Fast delivery. Thank you
candiceckl,5,"Item well received but the design of the star is not the color I have bidded during live sales, good that seller offers to exchange the star design"
j*****g,5,Item self collected! nice crystal! bought a lot from them!!
ritanatasha,5,Nice piece loving it so much... Will order again in future.
ritanatasha,5,Nice tourmaline. Will order again if there is offer on live shopee.
s*****a,5,Very pretty And dainty ring and love it! Always Satisfied with their products and services. Recommended!
limdiana7,5,Beautiful bracelet
tiarazz,5,
sgoh20,5,Received in good condition. Thank you.
evetoh88,5,
carolistic,5,
v*****3,5,Item is packed nicely in a bubble wrap. Have yet to wear it.  True to pic..
katjana,5,Have a look out for their weekly live sales at ig and here at shopee. You'll enjoy interacting with others as well.
katjana,5,"Always love their bracelets, rings and earrings!"
o*****s,5,
cynthiaong77,5,
cynthiaong77,5,
bellaginger,5,Very nice bracelet. Good quality. But too big for my wrist. Need to resize.
beariebear,5,
n*****l,5,
petal_bud,5,
snowychobits,5,
stym_0212,5,
r*****x,5,Good
r*****x,5,Good
c_8hyb97i5,5,
carolistic,5,
sivienshayneseah,5,
rosrosrosros,5,
thepersiancat,5,Canâ€™t wait to watch their livestream again. So many pretty n nice designs. I want to get them all!! Lol
thepersiancat,5,Love the designs. Simple and easy to match with any outfit
thepersiancat,5,Always buying from this seller!
thepersiancat,5,Fast n excellent services!
iwc1711,5,Items received faster than expected. Good quality. Will definitely purchase again. Highly recommended if you are into Crystals and ring etc..
iwc1711,5,Items received faster than expected. Good quality. Will definitely purchase again. Highly recommended if you are into Crystals and ring etc..
serene1238,5,As always. very happy with my purchases. fast delivery too!
snowychobits,5,
snowychobits,5,
v*****3,5,Item is packed nicely.
bettyjess,5,
bettyjess,5,
a*****i,5,
galaxybella,5,
galaxybella,5,
s*****a,5,My 2nd order ğŸ‘ğŸ»
huihuisnorlax,5,
taniacwn,5,
j*****o,5,
n*****l,5,
twinklebox,5,
nycrisa,5,Another lovely buy from JS x Lavval. Last one of Shoppee as they decided to ban my account when I refused to give in to an unreasonable need for my IC to be submitted to appeal against my account being limited for activities against their policies. Sounds like a scam. ğŸ˜‚
katjana,5,I always buy from them and they never disappoint. They're very responsive to queries and will take entertain your request as much as possible. Their live sales are always very enjoyable ğŸ˜
katjana,5,I always buy from them and they never disappoint. They're very responsive to queries and will take entertain your request as much as possible. Their live sales are always very enjoyable ğŸ˜
katjana,5,I always buy from them and they never disappoint. They're very responsive to queries and will take entertain your request as much as possible. Their live sales are always very enjoyable ğŸ˜
katjana,5,I always buy from them and they never disappoint. They're very responsive to queries and will take entertain your request as much as possible. Their live sales are always very enjoyable ğŸ˜
katjana,5,I always buy from them and they never disappoint. They're very responsive to queries and will take entertain your request as much as possible. Their live sales are always very enjoyable ğŸ˜
katjana,5,This has been in my cart for so long and since then I really wanted to buy this jade bracelet. ğŸ˜
marilynwu84,5,
m*****4,3,
alisa.chan,5,
bunny3490,5,
k*****y,5,
carolistic,5,
carolistic,5,
carolistic,5,
stalky79,5,
a*****1,5,
thepersiancat,5,Happy with my purchases during live-streaming. Lovely designs too
mozz19,5,very fast delivery! super pretty bracelets w very nice sheen on the crystals. thank you!
thepersiancat,5,Repeated purchases. Always buying from thi seller
thepersiancat,5,Excellent workmanship!
n*****l,5,Ordered on 23 Jan & received on 29 Jan.This is my 3rd order with Jamstones. Loving all the items.
tiarazz,5,
o*****s,5,
o*****s,5,
bettyjess,5,
bettyjess,5,
bettyjess,5,
bettyjess,5,
jesslynlaisk,5,
f*****h,5,
woomien,5,
sgoh20,5,
stalky79,5,
pxdpolesg,5,
_ireneam_,5,I love it!
