,username,followers,followees,is_private,is_business_account,is_verified,biography
0,petalsofarosez,2039,692,False,False,False,"Capricorn ll ğŸ§³ğŸ›«
Â â€œTraveling â€“ it leaves you speechless, then turns you into a storyteller.
A girl loving her crystals dearly, follow @petalsofacrystal"
1,princessezyt,8315,7281,False,True,False,"ğŸ‡¸ğŸ‡¬ ğŸ›ğŸ‘¸ğŸ» 
Rhy 9 Ryz 7 Ryn 4
Living Life To The Fullest
ğŸ‘—@myprincesswand 
ğŸ‘©ğŸ»â€ğŸ¦°@sgfavesofficial @marketingo_influencer
ğŸ’‡ğŸ»â€â™€ï¸ @organichairregrowthsolutions"
2,moonwanderer.est2020,3515,61,False,True,False,"âœ§ natural crystals + specimens
âœ§ mindfully + ethically sourced
âœ§ thurs story sales - in progressğŸ•Š 
âœ§ âœ‹ğŸ»we ships worldwide  
âœ§ avail on highlights"
3,crystalliac,7710,888,False,True,False,"ğŸ’• 50% OFF Crystals Live Show: 2nd April, Saturday 8PM
ğŸ”® Curated Quality Healing Stones
ğŸ‡¸ğŸ‡¬ Singapore Based 
ğŸ› Shop Instock Crystals on Shopee"
4,rehauscrystals,4756,97,False,True,False,"ğŸŒ  sá´›á´Ê€Ê sá´€ÊŸá´‡ á´É´ Ò“Ê€Éªá´…á´€Ês ğŸŒˆ
ğŸ  á´€ÊŸÊŸ á´„Ê€Êêœ±á´›á´€ÊŸêœ± á´…á´‡êœ±á´‡Ê€á´ á´‡ á´€ ÊŸá´á´ ÉªÉ´É¢ Êœá´á´á´‡! ğŸ”®ğŸ’«
ğŸŒ á´¡á´Ê€ÊŸá´…á´¡Éªá´…á´‡ êœ±ÊœÉªá´˜á´˜ÉªÉ´É¢ ğŸ›©ğŸ“¦
ğŸ“êœ±ÉªÉ´É¢á´€á´˜á´Ê€á´‡ ğŸ‡¸ğŸ‡¬"
5,lulucrystalsx,5004,7493,False,True,False,"Everyone calls me Ms Hedgie ğŸ‘©â€ğŸŒ¾
Big on Hedgies-Amethyst-CarvingsğŸ¤©
Live: Saturdays & Random Weekday 6ï¸âƒ£ğŸŒ
Ships WorldwideğŸ¤—
Admin @lulucrystalsxcaigeğŸ‘¨â€ğŸ’¼"
6,crystalpixiesg,6032,2383,False,True,False,"âœ¨ SHIPPING WORLDWIDE  âœ¨
âœ¨ Available @crystalpixiesgshop 
âœ¨ Specially handpicked by me for you ğŸ’•
â¤ï¸ Obsessed with colours and vibrant vibes!â €"
7,ss_rockmyworld,12008,1846,False,False,False,"Welcome to my page where i share rocks and minerals related stuff from my own collection. 
P.s. I LOVE QUARTZ!
NFS"
8,nickycrystcollection,9189,152,False,True,False,"ğŸ”®Just a showcase of my humble crystal collection
ğŸ’–PA LOVER
ğŸŒˆP.S Majority NFS unless stated
ğŸŒ»TO SHOP > @nickycrystavail"
9,kleodora.krystals,1281,1264,False,True,False,"ğŸ‡¸ğŸ‡¬ Based in Singapore
âœ¨ Handpicked quality crystals!
âœˆï¸ Ships internationally!
ğŸŒˆ Check highlights for available items!"
10,cv.indoboyeng_permata,3505,7289,False,True,False,"WhasApp : +6285218284274
stone Indonesian wholesaler
Shipments are sent via EMS,UPS, DHL
Payment via bank to bank, Paypal, western union"
11,rosygrace.sg,634,109,False,True,False,"ğŸŒWorldwide Shipping
~ Bringing out the best in you ~"
12,crystal.heng.heng.bidding,35,2,False,True,False,"ğŸ“Bidding Daily in SGD
ğŸ“¬Ship worldwide. Free local shipping above $50
ğŸ’°or $4 local courier
ğŸ“¦Open box (After payment done)
ğŸFree Gift with purchase!"
13,winterglow.co,501,142,False,True,False,"âœ§*ï½¡â€§â‚ŠËš ğ‘”ğ‘™ğ‘œğ‘¤ ğ‘“ğ‘Ÿğ‘œğ‘š ğ‘¤ğ‘–ğ‘¡â„ğ‘–ğ‘› Ëšâ‚Šâ€§ ï½¡*âœ§
â† ğ˜£ğ˜³ğ˜ªğ˜¯ğ˜¨ ğ˜¸ğ˜¢ğ˜³ğ˜®ğ˜µğ˜©, ğ˜©ğ˜¦ğ˜¢ğ˜­ğ˜ªğ˜¯ğ˜¨ ğ˜¢ğ˜¯ğ˜¥ ğ˜ªğ˜¯ğ˜µğ˜¦ğ˜¯ğ˜µğ˜ªğ˜°ğ˜¯ ğ˜µğ˜° ğ˜¢ğ˜­ğ˜­
âœ§ ğ˜´ğ˜µğ˜°ğ˜³ğ˜º ğ˜´ğ˜¢ğ˜­ğ˜¦ğ˜´ ğ˜¦ğ˜·ğ˜¦ğ˜³ğ˜º ğ˜´ğ˜¶ğ˜¯ 2ğ˜±ğ˜®
â† ğ˜´ğ˜©ğ˜ªğ˜±ğ˜´ ğ˜§ğ˜³ğ˜°ğ˜® ğ˜šğ˜ªğ˜¯ğ˜¨ğ˜¢ğ˜±ğ˜°ğ˜³ğ˜¦"
14,ishi.gems,2267,358,False,True,False,"ğŸ“ºÊŸÉªá´ á´‡sá´›Ê€á´‡á´€á´ á´‡á´ á´‡Ê€Ê Ò“Ê€Éª & sá´€á´› 9á´˜á´ (É¢á´á´›+8)
ğŸ”®É´á´‡xá´› ÊŸÉªá´ á´‡: 1 & 2 á´€á´˜Ê€ÉªÊŸâœ¨
ğŸŒÒ“Ê€á´á´ ğŸ‡¸ğŸ‡¬ sÊœÉªá´˜ á´¡á´Ê€ÊŸá´…á´¡Éªá´…á´‡, É¢á´á´É¢ÊŸá´‡ á´˜á´€Ê
ğŸ’ğŸ»â€â™€ï¸á´„ÊŸÉªá´„á´‹ ÊŸÉªÉ´á´‹ Ê™á´‡ÊŸá´á´¡ á´›á´ sÉªÉ¢É´ á´œá´˜ á´€s á´á´‡á´Ê™á´‡Ê€â†“"
15,livin.crystal,1604,378,False,True,False,"âœ¨Hobbist | Collector â¤ï¸
âœ¨ Curated w/ love
âœ¨Accessories | Crystals | Raws 
ğŸ“Singapore
âœˆï¸ Ships Internationally"
16,crystalismel,1020,160,False,False,False,"Documenting my crystal journey
Personal collection|Occasional rehoming @crystalismeldestash 
#crystalismeldestash â¬…ï¸click this"
17,allthatcraftings,1297,144,False,True,False,"ğŸ“Singapore
ğŸ§ Paynow/Paylah/Bank Transfer
ğŸ›’ DM to order"
18,jaaasperrrrr,1122,228,False,False,False,"â™¡ jail jail jail
âœ¯Â¸.â€¢Â´*Â¨`*â€¢âœ¿ âœ¿â€¢*`Â¨*`â€¢.Â¸âœ¯
 sharing my crystals and unhealthy obsession"
19,virgonshops,14,55,False,True,False,"My name is Chelsea
I gloss crystals and cabochon from Bandung Indonesia
ğŸŒ Worldwide shipping UPS,DHL,PEDEX
âœˆï¸ Free shipping
ï¸ğŸ’µ Payment via Paypal"
20,panda.crys,103,73,False,False,False,"Capturing my crystal and manicure interest here~ 
Situated in â˜€ï¸â˜€ï¸ğŸ‡¸ğŸ‡¬ğŸ‡¸ğŸ‡¬
Part of crystal animal kampung ğŸ°ğŸŸğŸ±ğŸ¼
And i love pandas! â¤â¤â¤ğŸ¼ğŸ¼ğŸ¼"
21,crystal.lippies,553,7,False,True,False,"ğŸ§–ğŸ¾â€â™€ï¸ ğŸƒ crystal infused beauty products and affordable crystals ğŸ¥°
ğŸ’Œ SG based
ğŸ› to get yours, â‡© or dm me!"
22,meow.meowpi,59,146,False,False,False,ğŸ‡¸ğŸ‡¬ My other account is @spectaculent. Thought of using this account to display my love for crystals. Let's be friends.
23,lookgoodfeelgreatforles,506,1075,False,True,False,"If not now then when?
ğŸ’„ @stephanie.elixxisg
ğŸ™‹ğŸ»â€â™€ï¸ @harleen_quinzel13_
Do follow my other accounts too.
Let's support each other! â¤"
24,crystalartsy.sg,478,57,False,True,False,"â•­â”€â”€â”€â”€â”€â”€â”€â”€â•®
â¥ğŸŒ¸CustomisationğŸŒ¸
â•°â”€â”€â”€â”€â”€â”€â”€â”€â•¯
âœ¨Based in ğŸ‡¸ğŸ‡¬| Ship ğŸŒ
âœ¨Above $80 free courier
ğŸ’ŒDM to claim/enquiry"
25,jcrystraller,947,1595,False,True,False,"Based in ğŸ‡¸ğŸ‡¬, Prices in SGD$.
Ships Local & Internationally ğŸŒ 
Welcome to my space of crystals â˜ºï¸ğŸ’— 
Available items in highlights ğŸ¤—"
26,admin_crystalartsyy,62,1,False,True,False,"âœ¨Based in ğŸ‡¸ğŸ‡¬| Ship ğŸŒ
âœ¨Free courier for >$80 purchase
âœ¨We do customisation
ğŸ’ŒDM to claim/enquiry"
27,crystal.blianz,267,693,False,True,False,"Crystal Bâ€™lianz is all about you. 
ğŸ‡¸ğŸ‡¬ #crystalbracelet #customisation 
Let our crystals activate the best within you, radiating joy and love. ğŸ’‹ğŸ”®ğŸ’ğŸ’œ"
28,auralite2three,418,420,False,True,False,Sales of crystal & raw specimen .SGD$ğŸ‡¸ğŸ‡¬ base. Buyer take note: items sold are non refundable & exchangeable!
29,polly_crystal_wholesaler,3217,730,False,True,False,"ğŸ”®crystals wholesaler We have seven factories
ğŸ˜ Follow our account to find any crystal you want
ğŸŒGlobal shipping. 
ğŸ’°Pay Pal in full or in installments"
30,crystalclan.co,1157,869,False,True,False,"ğ‡ğšğ§ğ-ğ©ğ¢ğœğ¤ğğ, ğ¬ğ¨ğ®ğ¥-ğ¬ğğšğ«ğœğ¡ğğ.
â„ï¸ ğ™±ğšŠğšœğšğš ğš’ğš— ğš‚â€™ğš™ğš˜ğš›ğš!
â„ï¸ ğš‚ğšğš˜ğš›ğš¢ ğš‚ğšŠğš•ğš :  âŠğ™¸ğš–ğš™ğš›ğš˜ğš–ğš™ğšğšâŠ
â„ï¸ ğ™»ğš’ğšŸğš ğš‚ğšŠğš•ğš: âŠ ğŸ¹ğŸ· ğ™¼ğšŠğš›, ğšƒğš‘ğšğš›ğšœ, ğŸ¿ğš™ğš– âŠ
â„ï¸ ğ™°ğšŸğšŠğš’ğš•. ğš’ğšğšğš–ğšœ ğšğš—ğšğšğš› ğš‘ğš’ğšğš‘ğš•ğš’ğšğš‘ğšğšœ!"
31,_crystalgalore_,1450,1985,False,True,False,"â¤ï¸ SHOPEE PREFERRED SELLER
ğŸ› Instagram Story Sales
ğŸ‡¸ğŸ‡¬ Singapore based
ğŸ”® Uniquely yours"
32,crystalplant.sg,244,108,False,True,False,"ğŸ’“ just to take the edge off life a little
ğŸ’ weekly crystal-drops
âœˆï¸ international shipping
ğŸƒ airplants-on-crystals
ğŸ¤™ğŸ» month-end lucky draw & live"
33,blubellspell,972,282,False,True,False,"- Slow handmade with LOVE-
- All our ceramic are FOOD SAFE ğŸ‘ŒğŸ»-
- Singapore made- shipping worldwide ğŸŒ-
- Feel free drop me DM for productâ€™s info ğŸ˜Š-"
34,amare_by_en,347,188,False,True,False,"Crystals & Clay
We use 100% Natural Healing Crystals in all our designs!
Based in Singapore, ships worldwide ğŸŒğŸ‡¸ğŸ‡¬"
35,malfatihstone07,559,2781,False,True,False,"natural crystal seller from Indonesia and payment using paypal and for shipping using DHL,EMS"
36,dainty_kessho,157,0,False,True,False,"Delightful collection of dainty and affordable crystal accessories&ornamentsğŸ’
DM/Comment to claim
SG based ğŸ‡¸ğŸ‡¬
Free local shipping for orders above $88"
37,i_am_alansmith,3162,7047,False,False,False,"â˜˜ï¸Over 300$ free shipping
ğŸ”®Live sale every day
ğŸ™…â€â™‚ï¸No put back
ğŸŒShip worldwide
#crystals #crystal #crystalshop 
#crystalhealer #crystalhealing"
38,crystal_alanmoon,1479,3736,False,True,False,"ğŸ‘‰Follow this @i_am_alansmith 
ğŸŒGlobal shipment
ğŸ˜Over $200 free shipping 
ğŸ”®discount sale every day
â˜˜ï¸Bulk sale
ğŸ‡¨ğŸ‡³China base"
39,internationalgemshop,1028,1852,False,True,False,"#usa #uk #australia #canada #crystalshopsg #singaporecrystals 
Shipping to all over the World
ğŸ”®ğŸ’ Wholesaler 
#qualitystones
For more information DM"
40,suryadinata164,1442,3093,False,True,False,"ğŸŒ› ğ™¸ ğšŠğš– ğšŠ ğšœğšğš˜ğš—ğš ğšŒğš›ğšŠğšğšğšœğš–ğšŠğš— ğšğš›ğš˜ğš– ğš’ğš—ğšğš˜ğš—ğšğšœğš’ğšŠğŸŒœ
âœ¨ğ™¸ ğšœğšğš•ğš• ğšŠğš—ğš ğšŠğšŒğšŒğšğš™ğš ğš˜ğš›ğšğšğš›ğšœ ğšğš˜ğš› ğšŸğšŠğš›ğš’ğš˜ğšğšœ ğš”ğš’ğš—ğšğšœ ğš˜ğš ğšœğšğš˜ğš—ğšğšœâœ¨
ğŸ”®ğ™³ğšğš•ğš’ğšŸğšğš›ğš¢ ğšğš˜ ğšŸğšŠğš›ğš’ğš˜ğšğšœ ğšŒğš˜ğšğš—ğšğš’ğšğšœğŸ”®
ğŸŒ¿ ğ™¿ğšŠğš¢ğš–ğšğš—ğš ğšŸğš’ğšŠ ğ™¿ğšŠğš¢ğš™ğšŠğš•ğŸŒ¿"
41,sunkissedjewelssg,1085,4586,False,True,False,"Made with ğŸ’œ using high quality crystals 
SG based, Ships ğŸŒ 
DM for customisations"
42,ervina_crystal123,754,4271,False,True,False,"ğ•Šğ•–ğ•ğ•ğ•šğ•Ÿğ•˜ ğ•§ğ•’ğ•£ğ•šğ• ğ•¦ğ•¤ ğ•œğ•šğ•Ÿğ••ğ•¤ ğ•’ğ•Ÿğ•• ğ•¥ğ•ªğ•¡ğ•–ğ•¤ ğ• ğ•— ğ•”ğ•£ğ•ªğ•¤ğ•¥ğ•’ğ• ğ•¤ğ•¥ğ• ğ•Ÿğ•–ğ•¤ ğ•¨ğ•™ğ• ğ•ğ•–ğ•¤ğ•’ğ•ğ•– ğ•’ğ•Ÿğ•• ğ•£ğ•–ğ•¥ğ•’ğ•šğ• ğ•¡ğ•’ğ•ªğ•ğ•–ğ•Ÿğ•¥ğ•¤ ğ•§ğ•šğ•’ â„™ğ•’ğ•ªğ•¡ğ•’ğ• ğ•¤ğ•™ğ•šğ•¡ğ•¡ğ•šğ•Ÿğ•˜ ğ•§ğ•šğ•’ ğ”»â„ğ•ƒ, ğ”¼ğ•©ğ•¡ğ•£ğ•–ğ•¤ğ•¤, â„‚ğ•™ğ• ğ•šğ•¤, ğ•Œâ„™ğ•Š"
43,satria_fire_naturalgems_,1331,6689,False,True,False,"âœ¨ğ—¤ğ˜‚ğ—®ğ—¹ğ—¶ğ˜ğ˜† ğ—–ğ—¿ğ˜†ğ˜€ğ˜ğ—®ğ—¹ğ˜€ğŸ”®
ğğ«ğ¨ğ¯ğ¢ğğ ğ–ğ¡ğ¨ğ¥ğğ¬ğšğ¥ğ & ğ‘ğğ­ğšğ¢ğ¥
âœ¨â„‚ğ•£ğ•ªğ•¤ğ•¥ğ•’ğ•
âœ¨ğ•ğ•–ğ•¨ğ•–ğ•ğ•ğ•£ğ•ª
âœ¨ğ”¸ğ•˜ğ•’ğ•¥ğ•–
âœ¨ğ•„ğ•šğ•Ÿğ•–ğ•£ğ•’ğ•
ğ–ğ¨ğ«ğ¥ğğ°ğ¢ğğ ğ’ğ¡ğ¢ğ©ğ©ğ¢ğ§ğ ğŸŒ
ğ„ğŒğ’ ğƒğ‡ğ‹ ğŸğğğ„ğ±âœˆï¸
ğğšğ²ğ¦ğğ§ğ­ ğğšğ²ğğšğ¥ & ğğŸğ 
ğ’ğ‡ğğ ğğğ–"
44,jorey.sg,181,114,False,True,False,"Alluvial Gold ğŸ’›
Natural Gemstones Jewellery ğŸ’
Crystal ğŸ”®
Next Facebook live on 18 Mar @ 9PM
ğŸ“Singapore ğŸ‡¸ğŸ‡¬"
45,nina_crystalshop,2287,6085,False,False,False,"Retail and Wholesaler 
Open Costum Order ğŸ› ï¸
Based In Indonesia ğŸ‡²ğŸ‡¨
Shipping $10 Perkg ğŸ“¦
Shipping Worldwide ğŸŒ
Payment via Paypal ğŸ’°"
46,spykle.twinkle,1100,3431,False,True,False,"â„‚ğ•£ğ•ªğ•¤ğ•¥ğ•’ğ•ğ•¤ | â„ğ•’ğ•¨ | â„ğ•–ğ••ğ•˜ğ•šğ•–ğ•¤
â™¡ ğğğ±ğ­ ğ¥ğšğ®ğ§ğœğ¡ ğ˜°ğ˜¯ ğ„ğ¯ğğ«ğ² ğ¨ğ­ğ¡ğğ« ğğšğ²
â™¡ sÉ¢á´…ğŸ¾ğŸ¶ Ò“Ê€á´‡á´‡ ÊŸá´á´„á´€ÊŸ sÊœÉªá´˜á´˜ÉªÉ´É¢
â™¡ á´€á´„á´„á´‡á´˜á´›s á´˜á´€Êá´˜á´€ÊŸ (+ğŸ¾%)
â™¡ sÊœÉªá´˜s ÉªÉ´á´›â€™ÊŸ"
47,crystalsail.sg,265,117,False,True,False,"âœ¨ â„‚ğ•£ğ•ªğ•¤ğ•¥ğ•’ğ•ğ•¤ ğ•Šğ•¥ğ• ğ•Ÿğ•–ğ•¤ â„ğ•–ğ••ğ•˜ğ•šğ•–ğ•¤ğŸ”® âœ¨
ğŸŠ Promo: 10% off all HedgiesğŸŠ
ğŸ“ Based in SG
ğŸ· Price in SGD
ğŸ‡¸ğŸ‡¬ Local shipping only
ğŸšš Free delivery for â‰¥ $100"
48,rcrystal_shop,159,1318,False,True,False,"Educated from the best materials to produce beautiful products,high quality  and the best pricesğŸ”®
-
-
ACCEPT RETAIL AND WHOLESALE ORDERS â™»ï¸"
49,crztales,10075,154,False,True,False,"ğŸ’ ON LIVE BREAK
â¬‡ï¸ Dispatch closed / Self-collection form closed
ğŸ¡ CRZcottage at Marina One #B2-53
ğŸ’• Based in ğŸ‡¸ğŸ‡¬, ships ğŸŒ"
50,j.crystalclear_,404,909,False,False,False,"Destash and rehome to heal another soul ğŸ˜ŒğŸ”® 
{Brand new pieces!}
PROMO: FREE NORMAL MAIL. NO MIN.
FREE TRACKED MAIL FOR >$80"
51,crystal.9tailedfox,4432,3687,False,True,False,"ğŸ¦Š Be Unique â€¢ Be Different ğŸ¦Š
Crystal â€¢ Pearl â€¢ Gemstone â€¢ Moissanite â€¢ Jade
Embrace your true beauty & confidence from the Boardroom to the Ballroom"
52,mei.crystalssg,613,278,False,True,False,"18/3-18/4 - @shoprebelstudio
ğŸ’•$1-2 donated per item sold! 
ğŸ“¦Free delivery with min.$80 spending."
53,sugarflylab,38,51,False,True,False,"â­ï¸ Singapore ğŸ‡¸ğŸ‡¬ 
â­ï¸ Stay tuned for feed sale
â­ï¸ carousell.com/u/sugarfly.lab
â­ï¸Telegram: https://t.me/crystalsugarflylab"
54,asteriacrystal.co,1620,158,False,True,False,"Beautiful crystals, handpicked with love
â˜¾  Next live sale: TBC
âœ§  Singapore-based, ships worldwide
âœ§  Free local shipping above SGD100"
55,crystalsbyjw.co,119,29,False,True,False,"ğŸ”® The Healing Touch
âœ¨ Quality crystals only
ğŸ‡¸ğŸ‡¬ SG based | DM to order!"
56,k2_stonewalker,1696,7500,False,True,False,"ğŸ’ Crystals and stone accessories 
ğŸ“© Unsold items available purchase info please dm 
ğŸŒ Shipping to all over the world
ğŸ’µ Payment via paypal is preferred"
57,raregemstone_wholeshale,1537,6226,False,True,False,"ğŸ’sell various kinds of agate and jasper 
ğŸ’ retail and wholesale!Â ğŸ‡®ğŸ‡©
ğŸ’°Payment ğŸ“© PayPal accepted"
58,amberlicious_crystal,233,168,False,True,False,"Personal collection of OJs and other beautiful crystals.
Based in Sg ğŸ‡¸ğŸ‡¬
Occasional rehoming. DM if interested  â¤ï¸"
59,firmans27shop,3039,1599,False,True,False,"ğ’ğ­ğ¨ğ§ğ ğ¬ğğ¥ğ¥ğğ« ğ°ğ¢ğ­ğ¡ ğ°ğ¡ğ¨ğ¥ğğ¬ğšğ¥ğ ğšğ§ğ ğ«ğğ­ğšğ¢ğ¥ ğ©ğ«ğ¢ğœğğ¬, ğŸğ«ğğ ğœğ«ğ²ğ¬ğ­ğšğ¥ ğŸğ¨ğ« ğğ¯ğğ«ğ² ğ›ğ®ğ²ğğ«ğŸ’âœ³ï¸
ğŸ…µğŸ…°ğŸ…²ğŸ…´ğŸ…±ğŸ…¾ğŸ…¾ğŸ…º:ğŸ…µğŸ…¸ğŸ†ğŸ…¼ğŸ…°ğŸ…½ğŸ†‚ğŸ†‚ğŸ…·ğŸ…¾ğŸ…¿ & ğŸ…µğŸ…¸ğŸ†ğŸ…¼ğŸ…°ğŸ…½ğŸ†‚ğŸ…°ğŸ…³ğŸ…¸ğŸ†ƒğŸ†ˆğŸ…°"
60,woojoogems,309,778,False,True,False,"Channeling Energies from the Universe ğŸ’«
DM to purchaseâœ¨
Complimentary shipping above $80 ğŸ“¦"
61,crystal.and.cats,96,25,False,False,False,A curation of crystals and stones that found me in this journey called life
62,gardeniacreations,566,2,False,True,False,"Handcrafted jewellery base in Singapore. For oversea customer, we do provide delivery worldwide. Kindly PM/ DM us to enquire."
63,crystamour,2056,852,False,True,False,"Rare, Raw, Relishing.
Feed Sale Page: @crystamour.collection 
ğŸ‡¸ğŸ‡¬ SG based. Ships worldwide.
ğŸ“£ Live Show (Amethyst): Mon 28 Mar 8pm
All prices in SGD."
64,crystal.snowflakes.sg,27,20,False,True,False,Selling Crystal Gemstones Bracelets and More!
65,lolipop_crystal,749,3286,False,True,False,"ğŸ’Wholesale all kinds of crystal, agate, jasper, carnelian @dhenyz_law
ğŸ‡®ğŸ‡©I'm from Indonesia
âœˆï¸Shipping via DHL payment via Paypal EMS and bank account"
66,thegirlbehind,1188,562,False,True,False,"ğŸ‡¸ğŸ‡¬ SG Based, ship locally only
ğŸ”® Pocket friendly DIY crystal bracelets
âœ¨ NEW design weekly, FREE normal mail
ğŸ’– Each design only have 1 unique piece"
67,qianjing.crystal,320,5,False,True,False,"STORE ADDRESS : 32 Cassia Crescent #01-66 S390032 (330PM TO 10PM)
FB PAGE: www.facebook.com/qianjingcrystal
LIVE STREAMING : 8PM TO 12AM"
68,ventuscrystals,114,22,False,True,False,"affordable crystals (*Â´Ï‰ï½€*)
â˜ï¸ launch: sunday | 27th mar | 8pm SGT
â˜ï¸ giveaway: ~1 apr
â˜ï¸ we ship worldwide from singapore!
â˜ï¸ tiktok: @ventuscrystals"
69,amelioratecrystals,793,26,False,True,False,Inspiring healing through elegance ğŸŒŸ Worldwide Shipping ğŸŒ Based in SG ğŸ‡¸ğŸ‡¬
70,crystallovify,719,244,False,True,False,"ğŸ”® Crystal Lover
ğŸ”® Bringing the affordable crystals to you
ğŸ”® Health, Wealth, Love, Wisdom and Luck"
71,crystallizesg,462,171,False,True,False,"Based in ğŸ‡¸ğŸ‡¬ 
âœ¨ New Launch Every Sunday, 7pm
ğŸ”® Next Story Sale: Sun, 27th March 7pm"
72,gemime.co,36,7,False,True,False,"SG based
Explore crystal energy ğŸ”®
Self-care and positivity vibes onlyâœ¨"
73,jsuki_crystal,22,1,False,False,False,"ğŸ‡¸ğŸ‡¬ CÊ€Êsá´›á´€ÊŸ BÊ€á´€á´„á´‡ÊŸá´‡á´›s, RÉªÉ´É¢s, Pá´‡É´á´…á´€É´á´›s, CÊœá´€Ê€á´s, Eá´€Ê€Ê€ÉªÉ´É¢s á´‡á´›á´„.
ğŸŒŸ Customized Design Bracelet
ğŸŒŸ DM to order
â†“ Shop here â†“"
74,niue.co,1177,336,False,True,False,"ğ˜ğ˜¢ğ˜¯ğ˜¥ğ˜®ğ˜¢ğ˜¥ğ˜¦ ğ˜³ğ˜¦ğ˜´ğ˜ªğ˜¯ // ğ˜£ğ˜¦ğ˜¢ğ˜¥ğ˜¦ğ˜¥ ğ˜«ğ˜¦ğ˜¸ğ˜¦ğ˜­ğ˜­ğ˜¦ğ˜³ğ˜º 
-
ï½¥ï½¡ï¾Ÿï½¥ Customs are open
ï½¥ï½¡ï¾Ÿï½¥ DM for collabs or to purchase!! 
âœ¿ shop here â†’  #niueavail"
75,crystalgemorigin,385,165,False,True,False,"Gemstone & Crystal Retailer
Showroom
ğŸ“Œ *PS100* 
100 Peck Seah Street #11-11
 Singapore 079333
Call 86981769 to arrange for a private viewing"
76,devinegems2015,1164,1268,False,True,False,manufacturer and whole seller supplier in precious and semi precious gemstones also take orders in a reasonable price
77,crystalsalleysg,12,8,False,True,False,"Crystals are GIRL'S  bestfriendsâ¤ï¸
ğŸ‡¸ğŸ‡¬SG based
âœ¨Elegant | ğŸ’« Joyful | âœ¨Fun
PayNow to 9182 2742
First time buyer, please dm name, address and HP #"
78,thebunnysorcery,1083,93,False,True,False,"@thebunnysorceryavails 
Everything on our page is AVAILABLE (unless stated sold) ğŸ’“
Free delivery over $100 ğŸ¤
Singapore to ğŸŒğŸŒ¼
DM to order! â—¡Ìˆ"
79,the_diamond_window,654,172,False,True,False,"Natural Gemstone Jewellery ğŸ‡¸ğŸ‡¬
Very limited quantity for each design. What you see is what you get. ğŸ˜‰
Check out my Hair Accessories line @hairadorbsğŸª"
80,cristalestory,10943,72,False,True,False,"ğŸ’œ Crystals & Personalized Gifts
ğŸ’• Feed Sales @cristalestorysales
ğŸŒ™ Ships Worldwide | Based in Singapore"
81,virgonstellar,54,240,False,True,False,"I'm from Bali, 
selling at wholesale prices, 
shipping worldwideğŸŒâœˆï¸ğŸ›¸
Free shippingâœˆï¸ğŸ›¸
Payment via Paypal and delivery via Dhl,ups and pedexğŸŒğŸŒğŸ¤—âœˆï¸ğŸ›¸"
82,ys597733,323,510,False,True,False,"ğŸ’Flower agateï¼ŒPink amethyst supplier
ğŸ’–Support Alipay WeChat Taobao link, payment
ğŸ“±WeChatï¼ša19551326080
It is convenient to add WeChat daily updates."
83,jy542235,226,391,False,False,False,"ä¸»è¥å¤©ç„¶æ°´æ™¶ æ‘†ä»¶ åŸçŸ¿ æ™¶æ´æ™¶ç°‡ ç¾ç¾çš„æ°´æ™¶å¯ä»¥å‡€åŒ–å¿ƒçµ å®ƒçš„å¤šåŠŸèƒ½å¯ä»¥è®©äººæ”¶è·æ»¡æ»¡ æ¯æ—¥æ›´æ–° å–œæ¬¢å¯ä»¥è”ç³»  æ”¯æŒå¾®ä¿¡ æ”¯ä»˜å® è¿‡è´¦ ğŸ’—å°½é‡â•V è”ç³»ç½‘ç»œä¸å¥½ä¼šåä¿¡æ¯ğŸ’—æ²¡æœ‰åŠæ—¶å›å¤ å…ˆç»™å¤§å®¶è¯´å£°æŠ±æ­‰
wachat: war12303"
84,pocketfulofdruzy,534,489,False,True,False,"Collector turned seller ğŸ”®
Next drop: Mozambique RQ Spheres 26/3 8pm
Available crystals can be found in my highlights ğŸ¤Singapore ğŸ‡¸ğŸ‡¬"
85,eternalco.crystals,628,153,False,False,False,"â‹†ï½¡ â˜¾good energy only
â˜ï¸ï½¡â‹†â˜½ raise your vibration w/ our handpicked crystals 
â˜ï¸ï½¡â‹†ï½¡weekly story/feed sales
â™¡â€¢* @eternalco.shop available crystals"
86,crystalcosg,2264,7505,False,True,False,"ğŸ’Affordable quality crystals!
ğŸ‡¸ğŸ‡¬Singapore based
ğŸšš Primarily pre orders (2 to 3 weeks)
ğŸ› https://t.me/crystalcosg (For BULK purchases)"
87,faiecrystals,2049,99,False,True,False,"Welcome to ğ‘­ğ’‚ğ’Šğ’† ğ‘ªğ’“ğ’šğ’”ğ’•ğ’‚ğ’ğ’” ğŸ”®
ğŸ¥Next Live Sale: 26th & 27th March 2pm
ğŸ“Based in SingaporeğŸ‡¸ğŸ‡¬
ğŸŒShips worldwide
ğŸ“©Telegram for the latest announcementsâ¬‡ï¸"
88,ouraminerals,1975,502,False,True,False,"Crystals &  Minerals around the world.
Follow 2nd acc: @mooncrystalgardenflashsales
ğŸŒ Worldwide Shipping"
89,eug.crystals,1977,305,False,False,False,"â˜¼ virgo â˜½ libra â†‘ scorpio
pretty rocks collector since oct 2020 ğŸ‡¸ğŸ‡¬
unhealthy obsession with rose quartz & CCs
* not a shop *"
90,mellowmuggle,148,188,False,False,False,just a muggle who collects earth magic âœ¨
91,aurahavenco,113,16,False,True,False,"Handmade crystal bracelet
DM to purchase
Based in Singapore, ships worldwide"
92,lawofcrystal,234,401,False,True,False,"Crystals for Manifesting Abundance of Wealth, Health and Success â˜¯ï¸
Ships worldwide ğŸŒ
SGD ğŸ‘›
Free shipping over 128 (SG)"
93,geokatcrystals,893,41,False,True,False,"â™¡ story sales: tbc
â™¡ view highlights to claim ğŸ’œ
â™¡ shop new drop ğŸ‘‡ğŸ»"
94,lettscroch,401,368,False,False,False,"shop is closed!
will be back soon :-)
crystal lover ğŸ˜ 
check out the link to my tele to see my beautiful collection! ğŸ’ªğŸ»ğŸ’ªğŸ»ğŸ’ªğŸ»ğŸ¥°ğŸ¥°ğŸ¥°"
95,xu.handmade,1082,677,False,True,False,"è¨± 
ğ‘¯ğ’†ğ’‚ğ’… ğ‘°ğ’ ğ‘»ğ’‰ğ’† ğ‘ªğ’ğ’ğ’–ğ’…ğ’” â˜ï¸ launched
â˜¾ Crafting your wish with natural crystals, 14K Gold Filled & Plated magic
âœ¦ Claim via website or DM us ğŸ‡¸ğŸ‡¬"
96,kindredjewels,725,123,False,True,False,"Made-to-order â€¢ Beadwoven â€¢ Gemstone jewelry â€¢ UEN53448354B
We ship worldwide! Locally made in Singapore ğŸŒ
â†“ 10% off your 1st site purchase â†“"
97,ablurkitty,5944,6,False,True,False,"Made with magic and good vibes âœ¨
â‹’ Handcrafted crystal jewelry â˜ï¸
â‹’ Next launch: 13 March, 8pm"
98,alunnaspace,499,8,False,True,False,"ğŸŒ™ Seek magic everyday
â™¡ My stationery shop - @doublerainbows.sg ğŸŒˆğŸŒˆ
â™¡ Affordable courier from $1.49 ğŸ’Œ
â™¡ 5â­ï¸ preferred Shopee sellerğŸ‘‡ğŸ»
â™¡ Sâ€™pore based ğŸ‡¸ğŸ‡¬"
99,thesage.room,158,64,False,True,False,"of crystals and mindfulness ğŸ¤
âŒ‚ based in singapore
âŒ‚ launch: 2 Apr | 7:30PM
âŒ‚ giveaway ends: 1 Apr | 11:59PM
âŒ‚ complimentary local courier (>$100)"
100,rooted.inearth,145,11,False,True,False,"Craft and Things ğŸ§¶
All items are individually handcrafted. DM to order!
For customised pieces please use the order form below ğŸ‘‡"
101,kristzlavender,178,96,False,True,False,"ğŸ’ğ’ğ“‡ğ’¶ğ’»ğ“‰ğ‘’ğ’¹ ğ“Œğ’¾ğ“‰ğ’½ ğ“ğ‘œğ“‹ğ‘’ ğŸ’
 ğŸ“ ğµğ’¶ğ“ˆğ‘’ğ’¹ ğ’¾ğ“ƒ ğ’®ğ’¾ğ“ƒğ‘”ğ’¶ğ“…ğ‘œğ“‡ğ‘’. ğ¿ğ‘œğ’¸ğ’¶ğ“ ğ“ˆğ’½ğ’¾ğ“…ğ“…ğ’¾ğ“ƒğ‘” ğ’»ğ‘œğ“‡ ğ“ƒğ‘œğ“Œ.
ğŸ’Œ ğ’Ÿğ“‚ ğ’»ğ‘œğ“‡ ğ‘’ğ“ƒğ“†ğ“Šğ’¾ğ“‡ğ‘’ğ“ˆ. ğ’ğ“Šğ“ˆğ“‰ğ‘œğ“‚ğ’¾ğ“ğ’¶ğ“‰ğ’¾ğ‘œğ“ƒ ğ’¾ğ“ˆ ğ’¶ğ“‹ğ’¶ğ’¾ğ“ğ’¶ğ’·ğ“ğ‘’."
102,sams_cureations,22,32,False,False,False,To document creations with crystals that were specially curated for the people I love~
103,crystalline.joyz,609,443,False,True,False,"ğŸ“SG 
â­’ Recycled & reused packagings
â­’ Special customization available
â­’ ğŸ¡ Rehoming sales ongoing"
104,caelus.co,191,24,False,True,False,"Each handpicked with love ğŸ’•
â˜€ï¸Live sale: 1 Apr, 8pm
ğŸ›’Shop via story highlights!"
105,aggy.pushpull,595,168,False,True,False,"Aggy.
Pushpull Bracelets | Curated Quality Crystals
ğŸ‡¸ğŸ‡¬ Singapore Based | ğŸŒ Ship worldwide
Next LIVE Sale: 26 Mar | Sat | 12noon
Shop Here:"
106,illumin8.sg,1307,1358,False,True,False,"Candles, Crystals & all things âœ¨MAGICKALâœ¨
ğŸŒˆ Tourmaline & FA ğŸ’
ğŸ¤šğŸ» Hand-picked with love ğŸ’• 
ğŸ—“ Weekly Live Sale
ğŸšš Next Courier: 4/4 (request by 1/4)"
107,crystal.in.a.bottle,289,138,False,True,False,"ğŸŒŸEach crystal brings about an inspiration translating into a story to tellğŸŒŸ
Available pieces can be found in Story Highlights or as indicated. ğŸ‡¸ğŸ‡¬"
108,crysto.light,959,657,False,True,False,"Unofficial ğ‘ºğ’ğ’ğ’Œğ’š ğ‘¸ğ’–ğ’‚ğ’“ğ’•ğ’› ğ‘¸ğ’–ğ’†ğ’†ğ’. ğŸ‘‘
â˜¼ğ‘¨ğ’“ğ’Šğ’†ğ’” â˜¾ ğ‘®ğ’†ğ’ğ’Šğ’ğ’Š â†Ÿ ğ‘¨ğ’“ğ’Šğ’†ğ’”
ğ•„ğ•–ğ••ğ•šğ•¥ğ•’ğ•¥ğ•šğ• ğ•Ÿ, â„ğ•–ğ•šğ•œğ•š & â„‚ğ•£ğ•ªğ•¤ğ•¥ğ•’ğ•ğ•¤ have helped my cancer recovery & transformation journey.ğŸ’"
109,fareast_crystal_wholesale,3180,6305,False,True,False,"ğŸ¾ Free shipping ï¼$ 200 
â° 6 hrs daily live sale.
ğŸ’¥DM 4 a private live 
#crystalreiki #crystalcollection #crystallovers #healing #crystalhealing #reiki"
110,thatz.mad,414,365,False,True,False,"resin art store ğŸ˜Œ handmade homeware & accessoriesğŸ‘ŒğŸ¼
based in Singapore; prices in SGD 
ğŸšš Mailing Internationally on Etsyâ¬‡ï¸"
111,oneandonly.foru,503,256,False,True,False,"ğŸ€ Bring LUCK to you at affordable price!
ğŸ“± DM to enquire and order
â­ï¸ Ready to ship in 1-2 days
ğŸ‡¸ğŸ‡¬ Base SG - Ship worldwide 7-12 SGD"
112,crystalique.s,383,130,False,True,False,Handmade crystal accessories. We specialise in customised bracelets. We are committed to personalised service and honest recommendation.
113,crystallovebulan.id,766,2498,False,True,False,"Wholesale and retail stone sellers from IndonesiağŸ‡®ğŸ‡©
Worldwide Shipping ğŸŒ
Paypal payment ğŸ’²
Shipping using EMS, DHL and Fedex âœˆï¸
Accept special orders"
114,moonprsmpwr,250,123,False,False,False,"Crystal & Candle Lover | Hobby Account 
Favorite Crystal: Citrine ğŸ’›
Possible de-stash one day."
115,jawelery12,1,7,False,False,False,"I,m Crafsman and Wholeseller
Available Open To Order
Request Custom
Payment Via Paypal/Bank To Bank Westren Union
worldwide shipping"
116,rockberline,958,7114,False,True,False,"ğŸ”® _Cristal,Stone,Lapidary & Mineral_ 
ğŸ¬ _Provide Wholesale & Retail Price_ 
ğŸ“¦ _Worldwide shipping_ 
ğŸŒ *Ems* 
ğŸŒ *DHL* 
ğŸŒ *FedEx*
WhatsApp 085863214577"
117,grrath_fenix,547,2502,False,True,False,"I,m Crafsman and Wholeseller
Available Open To Order
Request Custom
Payment Via Paypal/Bank To Bank Westren Union
worldwide shipping"
118,crystal_network_shop,997,5318,False,True,False,"â™¥ï¸ Selling stone crystals and carving .
â™¥ï¸ Payment via Paypal .
â™¥ï¸ Wholesale and retail .
â™¥ï¸ Worldwide shipping ."
119,crystalseller.id,659,2220,False,True,False,"Wholesale and retail stone sellers
Based inğŸ‡®ğŸ‡©
Worldwide Shipping ğŸŒ
payment using PAYPAL,WASTRN UNION AND BANK TO BANKğŸ’²
Shipping using DHL and Fedex âœˆï¸"
120,vionnsdraft,319,1225,False,True,False,"ğŸ”®ğ•™ğ•šğ•˜ğ•™ ğ•¢ğ•¦ğ•’ğ•ğ•šğ•¥ğ•ª ğ•”ğ•£ğ•ªğ•¤ğ•¥ğ•’ğ•ğ•¤ & ğ•ğ•šğ•Ÿğ•–ğ•£ğ•’ğ•ğ•¤ğŸ”®
-ğŸ’Œ ğ”»ğ•„ ğ•—ğ• ğ•£ ğ• ğ•£ğ••ğ•–ğ•£ğ•šğ•Ÿğ•˜ -ğ•¤ğ•–ğ•”ğ• ğ•Ÿğ•• ğ•’ğ•”ğ•”ğ• ğ•¦ğ•Ÿğ•¥ 
-ğ•¥ğ•™ğ•– ğ•“ğ•–ğ•¤ğ•¥ ğ•¢ğ•¦ğ•’ğ•ğ•šğ•¥ğ•ª ğ•£ğ•–ğ•¥ğ•’ğ•šğ• ğ•’ğ•Ÿğ•• ğ•¨ğ•™ğ• ğ•ğ•–ğ•¤ğ•’ğ•ğ•–
happy shoppingâœ¨"
121,crystals__loves,629,1869,False,True,False,"ğŸ€ Next IG Live: 22 Mar 2022 8pm
ğŸ€ Get your special piece here 
ğŸ€ Free courier with SGD$60 and above
ğŸ€ Priced in SGD ğŸ‡¸ğŸ‡¬"
122,crystalsgemz88,373,128,False,True,False,"Handmade, Customised Crystals healing bracelet. Unique design. Exquisite Findings by Neko Gemz. ğŸ’â¤ï¸"
123,neko.crystals,346,38,False,True,False,"â£ï¸ Beautifully curated pieces available
â£ï¸ Made with love
â£ï¸ DM to claim / custom
ğŸ± Based in ğŸ‡¸ğŸ‡¬"
124,reiannriviera,2167,222,False,True,False,"ğŸŒ¿ ğ‘¦ğ‘œğ‘¢ğ‘Ÿ ğ‹ğğ‚ğ€ğ‹
ğ†ğ‘ğ„ğ„ğ ğ–ğˆğ“ğ‚ğ‡ğ‚ğ‘ğ€ğ…ğ“ ğ’ğ“ğğ‘ğ„ ğŸŒ¿
ğŸ´ á´Ê á´¡á´€É¢á´É´ | @mooncrystaltarot
ğŸŒƒ ÊŸÉªá´ á´‡ sá´€ÊŸá´‡ | ğŸ/ğŸ’ â—‡ ğŸ—ğ©ğ¦~ğŸğŸğšğ¦ â—‡
ğŸ¤²ğŸ» sá´›Ê€Éªá´„á´›ÊŸÊ Ê™Ê á´€á´˜á´˜á´ÉªÉ´á´›á´á´‡É´á´› á´É´ÊŸÊ
ğŸŒ’ ğŸ‘/ğŸ’ ğŸŒ• ğŸğŸ•/ğŸ’"
125,huatz.crystals,145,28,False,False,False,Personal crystal collection for me to spam and letting others to enjoy the beauty of it ğŸ‘€
126,resinonart,42,240,False,True,False,Lover of all things beautiful. Art is my passion as I love to see swirling vibrant colours dancing together with the liquid luminosity of resin.
127,zyscrystals,150,60,False,True,False,"crystals by @ohnyzuu_ !
our linktree :"
128,crystal.mojo.bidding,140,45,False,True,False,"From & ship within ğŸ‡¸ğŸ‡¬
ğŸ‘¨ğŸ»â€âš–ï¸ Auction post @ 10pm Weds & Sats
ğŸ“¦ Free courier for >$60 order
ğŸ‰ Indefinite OB!
ğŸ„ Affiliate @adreamycrisis"
129,shopastrologies,407,71,False,True,False,"â™¡ curated by @tobiosquish 
â™¡ ships worldwide, based in singaporeğŸ‡¸ğŸ‡¬ 
â™¡ available items in highlightsğŸ‘‡ğŸ»
â™¡ next sale: 17 march 9pm ğŸŒ´ğŸŒ³"
130,viorcrystals,280,1195,False,True,False,"ğŸ‡¸ğŸ‡¬ | Based in Singapore
ğŸ“¦ | Free Local Delivery above S$88
ğŸª¨ | Natural Crystals & Minerals from Brazil ğŸ‡§ğŸ‡· and Uruguay ğŸ‡ºğŸ‡¾"
131,crystaldepository,2141,583,False,True,False,"ğŸ’ Exclusive, High Quality Natural Crystals & Minerals
âœ¨ ğ’†ğ’ğ’†ğ’—ğ’‚ğ’•ğ’Šğ’ğ’ˆ ğ’ğ’Šğ’—ğ’Šğ’ğ’ˆ ğ’”ğ’‘ğ’‚ğ’„ğ’†ğ’” ğ’˜ğ’Šğ’•ğ’‰ ğ’‚ ğ’•ğ’ğ’–ğ’„ğ’‰ ğ’ğ’‡ ğ’ğ’‚ğ’•ğ’–ğ’“ğ’†'ğ’” ğ’ƒğ’†ğ’‚ğ’–ğ’•ğ’š
 ğŸŒ Ships Worldwide from Singapore ğŸ’•"
132,crystals.love.2022,45,29,False,True,False,"SGğŸ‡¸ğŸ‡¬ based. ğŸ‡¸ğŸ‡¬ delivery only.
Free delivery > SG$120. 
â­ï¸ Special discount for Crystal IG live owners! â­ï¸ 
10% off > SG$250
20% off > SG$500"
133,luxecrystalgems,2546,1214,False,True,False,"Natural#crystals #gemstones
â¤ï¸Customise based on healing properties 
âœˆï¸Ship Worldwide from SingaporeğŸ‡¸ğŸ‡¬ 
ğŸ’³PayPal accepted 
â˜ï¸WhatsApp +65-83220531"
134,crystalrays_sg,373,198,False,True,False,"<Highlights updated, Mystery Grabbags available>
LIVE: 8 April 2022, Friday, 8pm
ğŸ‡¸ğŸ‡¬SG based
Do join our telegram channel!"
135,dollrarecrystal_shop_art,1975,6941,False,True,False,ğŸ…¸ ğŸ…°ğŸ…¼ ğŸ…²ğŸ†ğŸ…°ğŸ…µğŸ†ƒğŸ…¼ğŸ…°ğŸ…½ âœ¨ğŸ…µğŸ†ğŸ…¾ğŸ…¼ ğŸ…¸ğŸ…½ğŸ…³ğŸ…¾ğŸ…½ğŸ…´ğŸ†‚ğŸ…¸ğŸ…° . ğŸ…¸ ğŸ†‚ğŸ…´ğŸ…»ğŸ…» ğŸ…°ğŸ…½ğŸ…³ ğŸ…°ğŸ…²ğŸ…²ğŸ…´ğŸ…¿ğŸ†ƒ ğŸ…¾ğŸ†ğŸ…³ğŸ…´ğŸ†ğŸ†‚ ğŸ…µğŸ…¾ğŸ† ğŸ†…ğŸ…°ğŸ†ğŸ…¸ğŸ…¾ğŸ†„ğŸ†‚ ğŸ†‚ğŸ†ƒğŸ…¾ğŸ…½ğŸ…´ğŸ†‚. ğŸ†‚ğŸ…·ğŸ…¸ğŸ…¿ğŸ…¿ğŸ…¸ğŸ…½ğŸ…¶ğŸ“¬ ğŸ“¨ğŸ†ƒğŸ…¾ ğŸ…°ğŸ…»ğŸ…» ğŸ…¾ğŸ†…ğŸ…´ğŸ† ğŸ†ƒğŸ…·ğŸ…´ ğŸ††ğŸ…¾ğŸ†ğŸ…»ğŸ…³. ğŸ…¿ğŸ…°ğŸ†ˆğŸ…¼ğŸ…´ğŸ…½ğŸ†ƒğŸ“© ğŸ†…ğŸ…¸ğŸ…° ğŸ…¿ğŸ†ˆğŸ…¿ğŸ…°ğŸ…»
136,bud.sg,728,0,False,True,False,"ğŸ‡¸ğŸ‡¬ Online handcraft gift & crystal shop
ğŸ’Œ Spend $20 & above for FREE local normal postage
ğŸ‘‰ğŸ» DM for customisation
TikTok: bud.singapore"
137,crystal.bidding.sg,1192,520,False,True,False,"ğŸ‡¸ğŸ‡¬ğŸ‡¸ğŸ‡¬ğŸ‡¸ğŸ‡¬
ğŸ“ŒBidding every Wed, Fri & Sat
ğŸ€LD: 03/04/22
ğŸ“¬Free Courier >$50
ğŸ’Œor $4.50 applies
ğŸ“¦Open box allowed after payment made
ğŸ’Free Gift >$100 Purchase"
138,crystalsandchips,1893,342,False,False,False,"Small Business â˜¾ Big Heart
Feed sale and occasional live sale from Singapore
âœ¦ Parcel drop off every weekend
âœ¦ Upcoming: 25 Mar (Fri) Unbox+Chitchat"
139,thegemstoneshop,1070,781,False,True,False,"ğŸŒŸRandom Story Sale
ğŸš€Next launch 24 March
âš–ï¸Available crystals on IG highlights 
ğŸŒ³Mind|Body|Spirit healing in nature with 33/6
ğŸ›«Ships from SingaporeğŸ‡¸ğŸ‡¬"
140,onemoresparkle,66263,165,False,True,False,"â¤ï¸ Every crystal is unique & handpicked carefully
ğŸ•Š Free global shipping above $60
âœ¨ Payment by Paylah & Paypal"
141,flower_crystalshop,672,149,False,True,False,"I am a craftsman and seller of various types of crystals and minerals, ethically sourced, at wholesale and retail prices, shipping to all countries,"
142,crystals_woof,353,309,False,True,False,"ğŸ‡¸ğŸ‡¬ Collector, currently crazy over FA
ğŸ”® Check highlights for Avails ~                         
ğŸ¾ Follow the woof on tiktok @heeheebeibei"
143,daisy.gems,5203,1,False,True,False,"â˜ï¸ 10% á´êœ°êœ°+10% á´„á´€êœ±ÊœÊ™á´€á´„á´‹ á´É´ êœ±Êœá´á´˜á´‡á´‡ ğŸ·
ğŸ¦‹Feel your best with high quality crystals
âœ¨DM for customisation
ğŸ§¸Ñ•Ğ½ÏƒÏ Ğ²Ñ”â„“ÏƒÏ‰â†“Ñ•g~Ñ•Ğ½Î¹ÏÑ• Ï‰Ï‰"
144,crystalane_shop,24,0,False,True,False,"Singapore ğŸ‡¸ğŸ‡¬
Daily new crystal ğŸ”®
DM to purchase (No live currently) 
Free Shipping for purchases over $100"
145,sally.love.crystal,66,130,False,True,False,"ğŸ”®Handmade Natural Crystal Jewellery
ğŸ“¸ğŸ–ğŸ›Share lifestyle and food 
ğŸ“® PM me for collaboration/ customization crystal jewellery design"
146,igemify,158,43,False,True,False,"ğŸ”®SG Crystal seller | ğŸ‡¸ğŸ‡¬SGD 
ğŸ“¦Free delivery for orders over $60
ğŸ’¬DM for enquiries / Customisation
ğŸ”¥Facebook live everyday at 9pm, except Mon & ThursğŸ”¥"
147,messy.spaces,225,170,False,True,False,"SG ğŸ‡¸ğŸ‡¬
for me to sell my shit~
$1.50 for normal mail
Nego available for items without BNWT/BNIP
Paylah/Paynow/Bank Transfer
Carou: sj.twgha"
148,dhenyz_law,921,3693,False,True,False,"ğŸ’wholesale agate, crystal, carnelian Worldwide.   @lolipop_crystal  ğŸ›«shipping via DHL payment via Paypal,bank
ğŸ“²Whatsapp contact:089516808379
ğŸ‡®ğŸ‡©"
149,tiaratrove,736,205,False,False,False,"We are Live ğŸ¥°
ğŸ’Crystal gemstone at amazing rate ğŸ‘
ğŸ’ŒDrop a Dm to purchaseâ¤ï¸
ğŸ‡¸ğŸ‡¬Based in Singapore ğŸ¦"
150,daria.crystals,1156,423,False,True,False,"ğŸ”® Weekly story sales
ğŸ› Available items on highlights
ğŸ›’ Comment/DM to claim
ğŸ“¦ Free shipping for orders > SGD80
ğŸ‡¸ğŸ‡¬ Hobby shop in sunny island Singapore"
151,the.fayes,1134,52,False,True,False,"Handcrafted Jewellery | Simple | Elegant
Next launch: 18 March, 7pm
Made in Singapore ğŸ‡¸ğŸ‡¬
ğŸ“®Free tracked mailing for orders > S$60
DM to purchase"
152,infinitystonesg,258,112,False,True,False,"âœ¨ Natural & real crystals only
âœ¨ Customisation available 
âœ¨ All photos ares unedited or unfiltered
ğŸ–±ï¸ DM to purchase or enquire"
153,dtccrystals,29,16,False,True,False,"D.T.C Crystals (Design To Customise)
All Handmade with Love. Our products are available in Shopee and Lazada. 
Do PM us to customise your jewellery."
154,illa_nocte,6069,365,False,False,False,"ğŸ–¤live sale TBA
ğŸyour crystal sourcerer & temptress
ğŸ’€specializes in crystal carvings + skulls
ğŸªbased in SG, ships worldwide!"
155,theoddcrystals,71,24,False,True,False,"â˜€ï¸Coming to you real soon
ğŸ‡¸ğŸ‡¬Based
ğŸ”®Natural.Healing.Crystals
âœŒğŸ»Please see guidelines before claiming"
156,crystalesque.co,394,150,False,True,False,"â¤ï¸ Customized Crystal Sets or Gifts for Crystal lovers
â¤ï¸ Sources Ethically and Worldwide
â¤ï¸ % Of Sales For Charity
DM us to purchase a set ğŸ¥°"
157,crystal_hut.withlove,2829,3418,False,True,False,"ğŸ’–Welcome to our little Crystal HutğŸ’–
ğŸ”® Live sale: 31 Mar @ 8pm SGT
ğŸ‡¸ğŸ‡¬SG based
ğŸŒShip worldwide 
âœ¨Paynow / Bank Transfer"
158,joyouscrystalsatelier,242,12,False,True,False,"â¤ï¸ Handcrafted with love â¤ï¸ 
Natural crystals, semi-gemstones & gemstones only 
ğŸ’Œ DM to place order / inquiries
ğŸ‡¸ğŸ‡¬ SG based | ğŸŒ Worldwide Shipping"
159,rosidah.crystal,569,2844,False,True,False,"ğŸ’selling various types of stone &mineralsğŸ‡®ğŸ‡©& various formsğŸ’payment through paypal,western unions worldwide shipping via UPS,DHLğŸŒorder via DM"
160,aloofafa,7141,233,False,True,False,"Of crystals and cat fun
31st Mar Thurs 8pm SGT Live Sale
Singapore based, Worldwide Shipping
Shop available items @aloofafashop
ğŸ˜¸ğŸ˜¸ @miyoyoandfriends"
161,crystal_whole_seller,709,4187,False,False,False,"ğš†ğ™·ğ™¾ğ™»ğ™´ğš‚ğ™°ğ™»ğ™´ ğ™¿ğšğ™¸ğ™²ğ™´ğš‚ 
âœˆï¸ğš‚ğ™·ğ™¸ğ™¿ğ™¿ğ™¸ğ™½ğ™¶ ğš†ğ™¾ğšğ™»ğ™³ğš†ğ™¸ğ™³ğ™´
 ğ™³ğ™·ğ™» ğšŠğš—ğš ğš„ğ™¿ğš‚       
á–‡á—´Tá‘Œá–‡á‘  á—©á‘•á‘•á—´á‘­Tá—´á—ª            
 OWN FACTORY        
ğ—£ğ—”ğ—¬ğ—£ğ—”ğ—Ÿ ğ—”ğ—–ğ—–ğ—˜ğ—£ğ—§ğ—˜ğ——      
DM FOR YOUR ORDER"
162,aeioucrystals,163,0,False,True,False,"â˜†â˜†â˜†â˜†â˜†â˜†â˜†â˜†â˜†â˜†â˜†â˜†
No stones unturned
Gathering unique ğŸ’ from around the world
Based in ğŸ‡¸ğŸ‡¬, Prices in SGD, Ships Internationally"
163,crystalglazers,2912,2157,False,True,False,"ğŸ‘« With Love, Miss â„‚ğ•’ğ•¡ğ•£ğ•šğ•”ğ• ğ•£ğ•Ÿ & Mr ğ•Šğ•’ğ•˜ğ•šğ•¥ğ•¥ğ•’ğ•£ğ•šğ•¦ğ•¤
ğŸ‡¸ğŸ‡¬ Based in Singapore (Ships Worldwide ğŸŒ)
â™¥ï¸ Available @ Pinned Highlights
ğŸ“£ Story Sales: 31 Mar, 9PM"
164,top.polished,6435,7072,False,True,False,"We have available all natural polished stones from ğŸ‡¦ğŸ‡« and ğŸ‡µğŸ‡°
We export all over the world ğŸŒby DHL âœˆï¸
Payment via PayPal accepted"
165,crystalzx.co,36,8,False,True,False,"we sell crystals. (SG BASED) ğŸ‡¸ğŸ‡¬ğŸ“ 
â€¢Authentically sourced crystals ğŸª„ğŸ”®
â€¢ dms are open for enquiriesğŸ˜™
â€¢Dm me for international shipping ğŸš¢â¤ï¸"
166,nightshadegem,2828,2184,False,False,False,"ğŸ•Š singapore/å°ç£ 
ğŸ•Š international shipping/å…¨çƒé…é€
ğŸ•Š daily story sales/æ¯æ—¥é™æ™‚å‹•æ…‹ä¸Šæ–°"
167,mamagems_sg,889,126,False,True,False,"ğ‚ğ¡ğšğ¤ğ«ğš ğ€ğ§ğšğ¥ğ²ğ¬ğ¢ğ¬, ğ‡ğğšğ¥ğ¢ğ§ğ  ğŸ”®
â€¢2 Customised Bracelets @ $168 
  ğ˜¸ğ˜ªğ˜µğ˜© 14ğ˜’/18ğ˜’ ğ˜ğ˜°ğ˜­ğ˜¥ âœ¨
â€¢Available in Highlights ğŸ£
ğŸ“© DM to claim / enquire 
ğŸšš FOC abv $100"
168,tipsy.gems,90,14,False,True,False,"A handcrafted piece of happiness from us to you âœ¨
ğŸ”¸ Customisations open
ğŸ“¨ DM to order or enquire"
169,ynyaccessories.sg,317,2069,False,True,False,"â˜˜ï¸. @cloe.esterjen26 
â˜˜ï¸. DIYâ€¢ Earrings â€¢ Bracelet â€¢ MaskChain 
â˜˜ï¸. #ynyaccessoriessg 
â˜˜ï¸. ğŸ“ğŸ‡¸ğŸ‡¬ ~ local shipping 
ğŸ’Œ DM us for your purchase ğŸ›"
170,therocky.crystal.003,432,3725,False,True,False,"âœ¨ğ’ğ¡ğ¨ğ© ğŸğ¨ğ« ğ­ğ«ğ®ğ ğ ğğ¦ğ¬ ğšğ§ğ ğœğ«ğ²ğ¬ğ­ğšğ¥ğ¬âœ¨
ğŸ’«ğŸğ«ğ¨ğ¦ ğ¦ğ¢ğ§ğ¢ğ§ğ  ğŸğ¢ğ§ğ ğ£ğšğ¬ğ©ğğ« ğšğ ğšğ­ğ ğ­ğ¨ ğœğ®ğ­ğ­ğ¢ğ§ğ  ğ¤ğšğ›ğ¨ğ¤ğ¨ğ§ğ¬ & ğ®ğ§ğ¢ğªğ®ğ ğ¬ğ©ğğœğ¢ğ¦ğğ§ğ¬ğŸ’«
ğŸŒğ–ğ¨ğ«ğ¥ğğ°ğ¢ğğ ğ¬ğ¡ğ¢ğ©ğ©ğ¢ğ§ğ ğŸŒ"
171,crystalstory.co,741,101,False,False,False,"Based in Singapore ğŸ§
Customisation available ğŸ¡
DM to order ğŸ­
Pop up @curbside.sg from 1st March till end May 2022 !!"
172,bluegemsbaby,1150,850,False,False,False,"LOVER OF BLUE GEMS 
Sharing personal collection 
Hobby Store/Rehoming 
SG ğŸ‡¸ğŸ‡¬"
173,crystalmamaksingapore,59,95,False,False,False,"Hi peeps, welcome to our crystal page
â¤ï¸weekly live sales             
â¤ï¸Free shipping above $60 
â¤ï¸dm us for more quiries"
174,claire.yume,754,910,False,True,False,"â—½ Singapore
å¤¢, ã‚¢ãƒ‰ãƒãƒ³ã‚¹ ğŸ•Š"
175,pellura.crystals,1726,624,False,True,False,"Offering Quality Keepsake Crystals To Uplift Your Soul & Space
â˜¾SG Based â€¢ Flat Rate Intl Shipping 
â˜¾Shop Webstore â‡Š
â­’ DM if youâ€™ve any questions"
176,michicrystals,199,102,False,True,False,"Welcome to my crystal shop!
Based in Singapore! ğŸ‡¸ğŸ‡¬
All avails in highlights â¤µï¸
ğŸ”® ""The crystal chooses the collector.""
Mostly carvings and cute animals"
177,thek.rystal,3038,2349,False,True,False,"ğŸŒ™ Pretty crafts @magik.raft 
âœ¨ @thekrystal.collection
ğŸ”® Upcoming Story sale: Tbc
ğŸ‡¸ğŸ‡¬ Intl shipping available"
178,magik.raft,304,8,False,True,False,"ğ¬ğ¨ğ¦ğğ­ğ¢ğ¦ğğ¬, ğ°ğ ğ§ğğğ ğš ğ¥ğ¢ğ­ğ­ğ¥ğ ğ¦ğšğ ğ¢ğœ â˜¾
handmade by @thek.rystal"
179,shannencrystals,738,331,False,False,False,"ğ™˜ğ™§ğ™®ğ™¨ğ™©ğ™–ğ™¡ ğ™¡ğ™¤ğ™«ğ™šğ™§ âœ¿.ï½¡.:* 
ğŸ‡¸ğŸ‡¬ ğ™—ğ™–ğ™¨ğ™šğ™™ 
ğ™¥ğ™ğ™£ğ™  ğ™˜ğ™§ğ™®ğ™¨ğ™©ğ™–ğ™¡ğ™¨ â™¡
ğ™–ğ™«ğ™–ğ™ğ™¡ ğ™ğ™©ğ™šğ™¢ğ™¨ ğ™ğ™£ ğ™ğ™ğ™œğ™ğ™¡ğ™ğ™œğ™ğ™©ğ™¨ğŸ›"
180,yumistals,209,21,False,True,False,"êª”Ì¤Ì¥ singaporeà¼“ï½¥~ğŸ‡¸ğŸ‡¬
âŠ¹ â€§Ì«â€§ read ğ‘”ğ“Šğ’¾ğ’¹ğ‘’ğ“ğ’¾ğ“ƒğ‘’ğ“ˆâ™¡
á™Ì¤Ì«áƒ¦ free shipping >$120
~rose quartz enthusiast
next live/ 27â€¢3"
181,lyla.crystals,519,401,False,True,False,"âœ¨ Next live sale: 30 MAR THUR 8PM
âœ¨ Free Normal Mailing @ $38
ğŸ‡¸ğŸ‡¬ Free Tracked Courier @ $68"
182,adestone888,2012,7498,False,True,False,"Stone craftsmen with wholesale prices, payment with Paypal western union and bank to bank ... shippmet with DHL UPS EMS ..."
183,honeyy_crystal_shop,1381,3386,False,True,False,"ğŸ‡ğŸ…²ğŸ†ğŸ†ˆğŸ†‚ğŸ†ƒğŸ…°ğŸ…» ğŸ†‚ğŸ†ƒğŸ…¾ğŸ…½ğŸ…´ ğŸ…²ğŸ†ğŸ…°ğŸ…µğŸ†ƒğŸ†‚ğŸ…¼ğŸ…°ğŸ…½ğŸ’ âœ¨ğŸ†‚ğŸ…´ğŸ…»ğŸ…»ğŸ†‚ ğŸ…°ğŸ…½ğŸ…³ ğŸ…°ğŸ…²ğŸ…²ğŸ…´ğŸ…¿ğŸ†ƒğŸ†‚ ğŸ…¾ğŸ†ğŸ…³ğŸ…´ğŸ†ğŸ†‚ ğŸ…¾ğŸ…µ ğŸ†…ğŸ…°ğŸ†ğŸ…¸ğŸ…¾ğŸ†„ğŸ†‚ ğŸ†‚ğŸ…·ğŸ…°ğŸ…¿ğŸ…´ğŸ†‚ âœ¨ğŸ††ğŸ…·ğŸ…¾ğŸ…»ğŸ…´ğŸ†‚ğŸ…°ğŸ…»ğŸ…´ ğŸ…°ğŸ…½ğŸ…³ ğŸ†ğŸ…´ğŸ†ƒğŸ…°ğŸ…¸ğŸ…» ğŸ…¿ğŸ†ğŸ…¸ğŸ…²ğŸ…´ğŸ†‚. 
âœ¨ğŸ…¿ğŸ…°ğŸ†ˆğŸ…¼ğŸ…´ğŸ…½ğŸ†ƒ ğŸ†…ğŸ…¸ğŸ…° ğŸ…¿ğŸ…°ğŸ†ˆğŸ…¿ğŸ…°ğŸ…» 
âœ¨ğŸ…³ğŸ…´ğŸ…»ğŸ…¸ğŸ†…ğŸ…´ğŸ†ğŸ†ˆ ğŸ†ƒğŸ…¾ ğŸ…°ğŸ…»ğŸ…» ğŸ…²ğŸ…¾ğŸ†„ğŸ…½ğŸ†ƒğŸ†ğŸ…¸ğŸ…´ğŸ†‚ğŸ“¦"
184,gemistry.co,159,42,False,True,False,"*:ï½¥ï¾Ÿâœ§ hobby store | my crystal collection *:ï½¥ï¾Ÿâœ§
â™¡ feed & story sales + occasional live sales
â˜ºï¸ 27/3 11am
âœ§ destash â†’ #gemsrehome
âœˆï¸ ships worldwide"
185,almacrystal_shop,2898,7311,False,True,False,"â„šğ•¦ğ•’ğ•ğ•šğ•¥ğ•ª â„‚ğ•£ğ•ªğ•¤ğ•¥ğ•’ğ•ğ•¤
â„™ğ•£ğ• ğ•§ğ•šğ••ğ•– ğ•ğ•™ğ• ğ•ğ•–ğ•¤ğ•’ğ•ğ•– & â„ğ•–ğ•¥ğ•’ğ•šğ• 
âœ¨â„‚ğ•£ğ•ªğ•¤ğ•¥ğ•’ğ•
âœ¨ğ•ğ•–ğ•¨ğ•–ğ•ğ•£ğ•ª
âœ¨ğ”¸ğ•˜ğ•’ğ•¥ğ•–
ğ•„ğ•šğ•Ÿğ•–ğ•£ğ•’ğ• ğ•ğ• ğ•£ğ•ğ••ğ•¨ğ•šğ••ğ•– ğ•Šğ•™ğ•šğ•¡ğ•¡ğ•šğ•Ÿğ•˜"
186,crystalsbyphoenix,150,227,False,True,False,"Live Apr 2245hğŸ›ï¸IB/PAYLahNowPal
Appointment@#03-32B Far East Plaza,Scotts Rd
ğŸ”®Oracle Cards Reading ğŸ‘©â€ğŸ”§ @fengshuirepublic"
187,pikimaulana2022,18,76,False,True,False,Selling various types of natural crystal from Indonesia
188,chadora.co,109,18,False,True,False,"Just a lil shop of passions in SG, ships worldwide (only for jewellery)
âœ§ each jewellery handmade with love, each crystal lovingly curated for you â™¡"
189,gem.symphony,81,217,False,False,False,"Gem Stone Lover
DM us to order
Singapore based, Overseas shipping available ğŸŒ"
190,atelier_kessho,65,19,False,False,False,"Atelier Kessho
æ™¶ï½œè—
Collection of @pebbbless 
Of Crystals â€¢ Art â€¢ Nature"
191,yvenne.x,36,49,False,False,False,
192,bleumoon_studio,353,2,False,True,False,"ğŸŒŸAUTHORIZED SELLER
ğŸ“ŒDM TO PURCHASE
ğŸ‰ANY 2 ITEMS GET 5% OFF"
193,distortia_crystallize,1255,1974,False,True,False,"Seller ""BEST QUALITY"" Stones!
Wholesale or Retail
ğŸ’“DM for availability and pricing ğŸ’•
Custom shape request via DM ğŸ’Œ
Shipping ğŸ“¦ Worldwide w/ DHL Express"
194,gemmi.bee,145,222,False,True,False,"A Crystal Addict seeking to share the â¤ on crystal ğŸ”® with fellow crystal lovers! 
#ã‚¯ãƒªã‚¹ã‚¿ãƒ«æ„›å¥½å®¶ #ã™ã¹ã¦è‡ªç„¶
Ships Worldwide ğŸŒ
DM to Purchase ğŸ¤—"
195,healingcandies,148,158,False,True,False,"ğŸ”® Natural gems & crystals, mostly Alashan Agate
ğŸ“¬ DM to purchase, free courier service > $70
ğŸ“¦ SG Courier flat rate $4.50"
196,starlightwinds,101,49,False,False,False,A little account to share some of natureâ€™s beautiful creations and the knowledge collected along the way. Always on the lookout for more beauties~ğŸ’—
197,astellora,774,164,False,True,False,"Specialising in Handmade Waterproof Crystal Jewellery
CRYSTALS: March 8PM SGT
Singapore based
TIK TOK: @astellora"
198,heal_in_style,999,269,False,True,False,"Singapore based crystal lover and bracelets designer. 
Provide originally designed and customisation of bracelets.
Ship to ğŸ‡¸ğŸ‡¬,ğŸ‡²ğŸ‡¾ worldwide"
199,meemees.speaking,1989,216,False,True,False,"ğŸŒŸ É¨ÊŸÊŸÊŠÊÉ¨Õ¼ÇŸÈ¶É¨Õ¼É¢ È¶É¦É› Õ¡Ö…Ê€ÊŸÉ– Õ¡É¨È¶É¦ ÊŸÖ…Ê‹É› Â§ ÊŸÉ¨É¢É¦È¶ âœ¨
ğŸ‘ Intuitively Chosen Crystals
ğŸ“ Singapore ğŸš€ Worldwide ğŸŒ
ğŸ›’ Availables in Highlights ğŸ§¡ Live Sale Thu 9pm"
200,upsidecrystals,75,250,False,False,False,"ğŸ’ â€œBelieve it or not, thereâ€™s no harm in a little upside.â€
ğŸ· Hobbyist; prices may be below cost 
ğŸ“© DM to buy or customise 
ğŸ‡¸ğŸ‡¬ SG only, S$3.20 smartpac"
201,saddient_crystals,183,374,False,True,False,"Your crystal journey starts here
Grand opening on 31st of January 2022 ğŸ˜
SG based ğŸ‡¸ğŸ‡¬ 
DM or Comment to claim âœ‰ï¸
Free shipping for purchase over $50 ğŸ’µ"
202,fat.little.happy.cat,223,78,False,True,False,"ğŸ±Savouring Crystal Essence ğŸ˜»
â¤Customisation available ~ Handmade Pieces with LoveğŸ¤—
ğŸSingapore, DM to purchaseğŸ€"
203,kalon.sg,705,308,False,True,False,"â€¢ handmade by @goddessgems.sg ğŸŒŸ
â€¢ customs open (limited monthly slots)
â€¢ cleansed & reiki-charged â¤ï¸"
204,thewitchy.vibe,5665,990,False,True,False,"ğŸ”®This is my hobby acct.
ğŸŒˆLove the colours on them! 
ğŸ’«Items for sale is here @happywitchyshop 
ğŸ“©DM if keen!(Ship worldwide) 
ğŸ“Singapore ğŸ‡¸ğŸ‡¬"
205,crystal_agate.shop,1720,6722,False,True,False,"â­SELLING VARIOUS TYPES OF NATURAL STONE
â­WHOLESALE AND RETAIL PRICES 
â­ACCEPT ORDERS
â­PAYPAL PAYMENT
â­INTERNATIONAL SHIPPING
ğŸ’HAPPY SHOPPINGğŸ›ï¸"
206,shl_crystal_wholesaler,4,0,False,True,False,"I'm a jewelry wholesaler
The live broadcast time is not fixed
All products are over 200 packages
If you like products, you can trust them privately"
207,sundance.gemstones,5216,1,False,True,False,"â€¢ ğ—²ğ˜…ğ—¾ğ˜‚ğ—¶ğ˜€ğ—¶ğ˜ğ—²ğ—¹ğ˜† ğ—µğ—®ğ—»ğ—±ğ—°ğ—¿ğ—®ğ—³ğ˜ğ—²ğ—± ğ—°ğ—¿ğ˜†ğ˜€ğ˜ğ—®ğ—¹ ğ—·ğ—²ğ˜„ğ—²ğ—¹ğ—¿ğ˜† â€¢
ğŸŒˆ IG Live: TBC
ğŸ”® Bracelet customisation starting from $83
â£Worldwide shipping | Price in SGD"
208,merry.crystals,165,72,False,True,False,"ğ•Šğ•™ğ•’ğ•£ğ•šğ•Ÿğ•˜ ğ• ğ•¦ğ•£ ğ•ğ• ğ•§ğ•– ğ•—ğ• ğ•£ ğ•”ğ•’ğ•¥ğ•¤, ğ••ğ• ğ•˜ğ•¤ & ğ•”ğ•£ğ•ªğ•¤ğ•¥ğ•’ğ•ğ•¤ ğ•šğ•Ÿ ğ• ğ•¦ğ•£ â„‚ğ•£ğ•ªğ•¤ğ•¥ğ•’ğ• ğ•Šğ•™ğ• ğ•¡!âœ¨
ğ”¹ğ•’ğ•¤ğ•–ğ•• ğ•šğ•Ÿ ğŸ‡¸ğŸ‡¬
ï¼Šğ•†ğ•¡ğ•–ğ•Ÿğ•šğ•Ÿğ•˜ ğ•¤ğ•¡ğ•–ğ•”ğ•šğ•’ğ•ï¼Šğ”½ğ•£ğ•–ğ•– ğ•ğ• ğ•”ğ•’ğ• ğ•¤ğ•™ğ•šğ•¡ğ•¡ğ•šğ•Ÿğ•˜ ğ•¨ğ•šğ•¥ğ•™ ğ•’ğ•Ÿğ•ª ğ•¡ğ•¦ğ•£ğ•”ğ•™ğ•’ğ•¤ğ•–!ğŸ”®"
209,joliecrystals,1543,3,False,True,False,"By , @bel.tattooworldsg ğŸ’•
âœ¨Live Sales every Fri & Sat | 9pm
ğŸ’° Pocket Friendly
ğŸŒˆ Personal collection @joliecrystalsbb"
210,orbofsky.co,556,2416,False,True,False,"Handmade with love by L & Jâ¤ï¸â€ğŸ”¥
ğŸŒ Based in Singapore
DM us to order ğŸ›’"
211,pupucrystals,1912,660,False,True,False,"ğŸŒ•Gorgeous crystals chosen intuitively 
â­ï¸Live sale: tbd
â˜€ï¸Singapore; ships internationallyğŸŒ
âœ¨All available in highlights!â¬‡ï¸"
212,affinitycrystalssg,1796,1393,False,True,False,"Crystal seeks the right one (æ°´æ™¶æ‰¾ä¸»äºº)
Based in SG. Ships worldwide
Passionate about crystals and minerals
Seeks to share the benefits of crystals"
213,petalsofacrystal,988,41,False,True,False,A humble little pink amethyst ğŸ”®  shop ğŸ’—
214,handcraftbyai,88,1,False,False,False,"Based in Singapore ğŸ‡¸ğŸ‡¬
DM to order.
Waiting time between 1-2 weeks."
215,rainbowonrocks,572,1333,False,True,False,"ğŸ’— Next Liveshow: 23 Mar 2022, 8.30pm SGT
ğŸ˜‰ Earn points with every $ you spend!
ğŸŒˆ DM/comment on post to claim"
216,crystal_wholesale_stone_shop25,2328,6989,False,False,False,"#crystaltaufik
@agate_cabochon96
sells a variety of crystals and cabochons wholesale and retail prices, worldwide delivery, payment via paypal"
217,fajar_hairulapan01,1107,4058,False,True,False,"#auliacrystal 
Selling all kinds of natural crystalsğŸ’
Payment - Paypal ,western unionğŸ’¸
Shipping - DHL ,UPS ,EMSâœˆï¸
Shipping all over the countryğŸ‡ºğŸ‡¸"
218,crystal_muhlis,1103,5630,False,False,False,"AVAILABLE selling crystals and carvings !!
Wholesale and retail ğŸ—¿
â­best product qualityğŸ’–
send me a message if you are interestedâœ¨"
219,nurmalacrystal01,1378,1456,False,True,False,"Tiktok@fajarhairulapan
#auliacrystal
INDONESIAğŸ‡®ğŸ‡©
shipping = EMS ,DHL,UPSâœˆï¸
Payment= PaypalğŸ’¸westren union,ğŸ’¸
Shipping all over the countryğŸ‡ºğŸ‡¸ğŸ´ó §ó ¢ó ¥ó ®ó §ó ¿ğŸ‡¯ğŸ‡µ"
220,john_gems_minerial,1690,5074,False,True,False,
221,apriliacrystal,5,70,False,True,False,"#auliacrystal 
Selling quality natural crystals 
Paypal payment ,western union 
Shipping DHL ,FEDEX ,EMS
Shipping all over the countryâœˆï¸âœˆï¸"
222,oracrystal_,927,347,False,True,False,"êœ±É¢ ğŸ‡¸ğŸ‡¬
á´Šá´œêœ±á´› á´€ É´á´Ê€á´á´€ÊŸ É¢ÉªÊ€ÊŸ ÊŸÉªá´ ÉªÉ´É¢ ÊŸÉªêœ°á´‡ á´›á´ á´›Êœá´‡ êœ°á´œÊŸÊŸá´‡êœ±á´› ğŸ€
á´Ê ÊŸÉªÊŸ' á´˜á´‡Ê€êœ±á´É´á´€ÊŸ á´„á´ÊŸÊŸá´‡á´„á´›Éªá´É´ ğŸ”®"
223,pocket__ofblue,29,28,False,False,False,a little bit of the journey ğŸ§¿
224,milanikesya_crystal,329,327,False,True,False,"stone seller from IndonesiağŸ‡²ğŸ‡¨, with wholesale and retail prices, worldwide shipping via DHL, UPS, and othersğŸŒâœˆï¸, payment via Paypal and bank to bankğŸ’³"
225,crystalore.sg,7,4,False,True,False,"ğŸ”® Crystals Collector & Seller based in SG ğŸ”®
â­ï¸ Pre-orders are open!
Feel free to drop us a message!
. 
Shop:"
226,ariesrising.crystals,290,52,False,True,False,"ğŸ‡¸ğŸ‡¬based, ships locally
mini curations made of dreamy wonder
ğŸŒ™dream a little â€¢ 27 Mar Sun 4pm"
227,charming_charmsss,237,115,False,True,False,"âœ¨Singapore Based and worldwide shipping.
âœ¨DM for customised design. å®¢è£½åŒ–æœå‹™
âœ¨é—†å¨˜äººåœ¨æ–°åŠ å¡ï¼Œä½†å…¨çƒéƒ½å¯å¯„å”·ï½é—†å¨˜æœ‰æ­£è·ï¼Œæ‰€ä»¥ä¸æœƒæ›´æ–°å¤ªå¿«è«‹è¦‹è«’ã€‚"
228,luxicrystals,398,1059,False,False,False,"âœ¨Õ°Ã­ÖÕ° Õ¦Õ´É‘ÓÃ­Õ¥Õ¾ Õ°Ò½É‘ÓÃ­Õ²Ö Ï²ÑÑƒÑ•Ñ‚Î±â„“Ñ•âœ¨
FreeğŸ‡¸ğŸ‡¬shipping above $88 ($5 courier otherwise)
Spend min $168 in a box get $5 discount (ğŸ‡¸ğŸ‡¬)
Next LIVE: 26 Mar 9pm"
229,day_dream008,125,190,False,True,False,"Dresses ğŸ™ A-Grade JadeğŸ™USANA Products
Carousell: day_dreamer008
Location:Far East Plaza, 14 Scotts Rd #03-42 Shop23 Sg(228213)"
230,deon_sara,265,361,False,True,False,Start an estraordinary affair with crystals that makes your heart throbs. Creating wild ideas on crystal customisation is our pursue.
231,crystals_destiny,328,2,False,True,False,"WORLDWIDE SHIPPING â€¼ï¸ğŸŒ 
ğŸfree local shipping for above $100! 
ğŸhandpicked from brazil
ğŸ singapore based ğŸ‡¸ğŸ‡¬ 
ğŸ’Œ comment or dm to claim â£ï¸"
232,happyofbeads,4,3,False,False,False,"ğŸŒˆ Happiness from uniquely strung beads!
âœ¨ Natural crystal bracelets
ğŸ‡¸ğŸ‡¬ SG based
ğŸ’Œ Free tracked mail within SG for orders above $80
ğŸ’¬ DM to order"
233,gleamxgem,952,201,False,True,False,"Customised Crystal Accessories
|Bracelets| Necklace|Earrings|Rings|Bag Charm|
Provides Redesigning, Resizing & Repair Service
ğŸ‡¸ğŸ‡¬ Registered Business"
234,jcrystalrealm,34,11,False,True,False,"Made out of passion, handmade just for you â¤ï¸
Do DM me for details if interested. 
 ğŸ‡¸ğŸ‡¬ based."
235,an.other.energy,821,701,False,True,False,"Curated crystals with love, light and positive vibes ğŸŒˆ
âœ¨Live Sales âœ¨
Weekly Tuesday | 8:30PM | SGT GMT+8
ğŸ‡¸ğŸ‡¬Based in Singapore ğŸŒ Ships Worldwide"
236,pearlsandplastics,524,357,False,True,False,"SG
ğŸ¤ dm to purchase
ğŸ¤ in stock @ #pearlsandplasticsavail"
237,lovegoodcrystals,5272,812,False,True,False,"Of love, positivity and magic âœ¨
on break, next live sale: April â˜€ï¸
next mail day: 26 Mar
â€¢ ğŸ‡¸ğŸ‡¬, Worldwide Shipping"
238,huatspau,294,441,False,False,False,"Currently in RQ jail ğŸ¥²
#bulbasaurarmy
Available items in â€œRehome ğŸ¡â€"
239,pammiecrystals,1521,377,False,False,False,"ğŸ‡¸ğŸ‡¬ Handmade with â¤ï¸ from SG
ğŸ’ Meaningful Personalised Gifts | Crystals
ğŸŒˆ OG Custom OmbrÃ© Crystal Trays & Shakers
ğŸ‘‡ğŸ» SHOP HEREğŸ‘‡ğŸ»"
240,twinklelove_crystals,8,26,False,True,False,"ğŸ’“ Crystal Vibes 
ğŸ”® Sourced from reliable supplier
ğŸ‡¸ğŸ‡¬ Singapore
ğŸ“© Buy@shopee at below link Or DM to claim. Thank you!"
241,terriblynamedcrystals,366,352,False,False,False,"I sell crystals named terribly by me ğŸ¤¡
Occasional destash from my personal collection 
Based in SG ğŸ‡¸ğŸ‡¬
Next story sale: TBA"
242,floofycrystals,77,301,False,True,False,"sg based
â‹†Ëšï½¡â‹†à­¨à­§Ëšfirst drop: supergrade pink apophyllite crustsËšà­¨à­§â‹†ï½¡Ëšâ‹†"
243,singingbowl,2602,559,False,True,False,"Singing Bowl
Soundbath | Therapy | Workshop 
Check below link for weekly sessions â¬‡ï¸"
244,seneciopearls,430,229,False,True,False,"âœ§à¼º ğ’‰ğ’‚ğ’ğ’…ğ’ğ’‚ğ’…ğ’† ğ’ƒğ’‚ğ’”ğ’†ğ’… ğ’Šğ’ ğ’”ğ’ˆ à¼»âœ§
Â° ğªğ‘‚ dm for queries ğªğ‘‚ Â°
â€œhow to orderâ€ highlight
#seneciopearlsavailable"
245,superkitty79,99,147,False,False,False,
246,glissgem_,1923,681,False,True,False,"ğŸŒ¸ Next STORY sale: TBA
ğŸ¯ Shop avail items under highlights
ğŸ’ Bracelets over at @gemsoncrack
ğŸ“ Sunny SG, ships internationally"
247,ugli.krrrystals,23,77,False,True,False,"Anything for sale will be indicated in the captions and will be IGS.
Smartpac at $5."
248,tobiosquish,791,459,False,True,False,"â€§ÌÌŠË™ËšË™áµ•ê’³áµ•Ë™ËšË™ã€€ã€€Ë™ËšË™áµ•ê’³áµ•Ë™ËšË™â€§ÌÌŠ
â™¡ @shopastrologies 
â™¡ out on bailğŸ’¸
â™¡ showcasing my wallet who is too stunned to speakâ€¦"
249,niracrystal_wholesale,219,3715,False,False,False,"ğ¢ğ¦ ğ¬ğğ¥ğ¥ğğ« 
ğœğ«ğ²ğ¬ğ­ğšğ¥, ğ£ğğ°ğğ¥ğ¥ğ«ğ², ğğ­ğœ
ğ¬ğ¡ğ¢ğ©ğ¦ğğ§ğ­ ğ›ğ² ğƒğ‡ğ‹ 
ğ©ğšğ²ğ¦ğğ§ğ­ ğ¯ğ¢ğš ğğ€ğ˜ğğ€ğ‹"
250,calcitegemswhole,864,802,False,True,False,"Wholesale & Retail
Based in Pakistan 
Seller of Semi-Precious Gemstones & Crystals
Accept Custom Orders
Business as Relationship
Shipping Worldwide"
251,katchifuzo,241,63,False,True,False,"ğŸŒShips from Sunny Singapore
ğŸ¥°All ethical sourced 
ğŸŒˆ All available items at the available tap"
252,sofa.gems,1721,113,False,True,False,"ğŸ’ This Crystal Hobby Store is my Passion
ğŸ‡¸ğŸ‡¬ Based in Singapore. Price in SGD.
ğŸ“¦ Ships Overseas
Scroll the feeds to shop. Happy Shopping!"
253,kittyintheloft,32,1,False,True,False,ğŸ‡¸ğŸ‡¬ Singapore Little Red Dot Artisan specializing in personalized exquisite Crystal Bracelets with benefits from our Mother Earth â¤ï¸â¤ï¸ ğŸ‡¸ğŸ‡¬
254,lovelycristalli,22,7,False,True,False,"ğŸ”¹Natural crystals & gemstones accessories
ğŸ”¹Specially curated pieces
ğŸ”¹Handmade with â¤ï¸
ğŸ”¹DM for enquires & orders
#crystalbracelet #handmadewithlove"
255,harthuarong,46,24,False,True,False,"[BOOTH 1 - 3 April, Floral Fantasy Gift Shop]
ğ˜Œğ˜·ğ˜¦ğ˜³ğ˜º ğ˜«ğ˜¦ğ˜¸ğ˜¦ğ˜­ğ˜³ğ˜º ğ˜ªğ˜´ ğ˜¶ğ˜¯ğ˜ªğ˜²ğ˜¶ğ˜¦ ğ˜ªğ˜¯ ğ˜ªğ˜µğ˜´ ğ˜°ğ˜¸ğ˜¯ ğ˜¸ğ˜¢ğ˜º
ğŸ“ sg - based
â€ shop here â€"
256,crystal_throb,1964,2672,False,False,False,"Featuring my personal crystal collection ğŸ’•
Support @throb_destash for my re-home/ de-stash pieces â˜ºï¸"
257,mycrystalbabies1111,752,1021,False,False,False,"ğŸ¦ŠSemi Mini Launches of Foxes & Customised Crystal Sets
ğŸ’™Specially curated Unique items with Good vibes 
ğŸ•ŠEnjoys Candle Magick, Tarot, Fengshui & Reiki"
258,shin_cryz,472,284,False,False,False,"@pukaeshin crystal journal ğŸ”®ğŸ’âœ¨since Jun 2021
Crystal for adoption occasionally ğŸ / donateâ¤ï¸
DM if interested"
259,kristal0ve,1465,64,False,True,False,"Registered Co.
Authentic Crystals ğŸ‡¸ğŸ‡¬SGD
Uniquely Designedâ€¢Perfectly Customised
DM for International Shipping
FB: https://www.facebook.com/kristal0ve/"
260,secretkreasure,939,188,False,False,False,"ğŸ’ Energy healing & feel-good crystals
ğŸ’– Spreading love 1 crystal at a time 
âœˆï¸ Malaysia | Worldwide
ğŸ•Šï¸ Support charity: RM1 from each sale"
261,crystal_heart_wholsaller,1236,896,False,True,False,"Selling various original Indonesian stones ğŸ‡®ğŸ‡©
Accept custom orders ! ğŸ¤‘
Shipping to all over the world !âœˆï¸ğŸš€
Payment via Paypal or bank to bank!"
262,dequackz.crys,271,311,False,False,False,"My mineral /crystal collecting profile... Most photos are taken after dark, cos #iamniteowl
Post midnight photos @nightwalkersg
ğŸ“· Samsung Note9"
263,hobacrystals,127,56,False,True,False,"ğŸ’«What would you wish for if you only had one chance?
ğŸ‡¸ğŸ‡¬ Based in Singapore
Check us out on Shopee !! â¬‡ï¸"
264,thecrystalbarsg,3178,494,False,True,False,"ğŸ¦„ ships worldwide from Singapore
ğŸ¬ mail day â€¢ Mar 23 (Wed)
ğŸ¤ feed sale â€¢ Mar 20 (Sun)
ğŸŒ¸ shop available items under highlights"
265,byxinya,7,0,False,False,False,"ğŸ“Singapore
ğŸª¡Handmade Jewellery
ğŸ’ŒDM to purchase or customise
ğŸŒShips Worldwide
ğŸ€Free local delivery for orders above $80
â³Processing Time 7â€“10 days"
266,rahrahcrystals,2203,181,False,False,False,"âœ¨ ğ’ğ¡ğ¨ğ© @shoprahrahcrystals
âœ¨ ğ‚ğ¡ğğœğ¤ğ¨ğ®ğ­ ğ¦ğ² ğ¡ğ¢ğ ğ¡ğ¥ğ¢ğ ğ¡ğ­ğ¬ ğŸğ¨ğ« ğšğ¯ğšğ¢ğ¥ğšğ›ğ¥ğ ğ¢ğ­ğğ¦
âœ¨ ğğšğ¬ğğ ğ¢ğ§ ğ’ğ¢ğ§ğ ğšğ©ğ¨ğ«ğ, ğ¬ğ¡ğ¢ğ© ğ°ğ¨ğ«ğ¥ğğ°ğ¢ğğ"
267,thegemstoneexport,1016,2763,False,True,False,"We are Manufacturing and wholesale of all Type Crystal products 
Payment:PayPal,Western union. 
Shipping via DHL."
268,shop21crystals.sg,324,37,False,True,False,"Crystals bringing joy & peace â˜ï¸
ğŸ‡¸ğŸ‡¬ Sg based 
ğŸ’ Pls claim wisely, payment within 24hrs
ğŸ’³ Paynow/Paylah/Bank Transfer
ğŸ“¬ NM - $2|ğŸšš Courier - $5"
269,cristaux.89,386,98,False,False,False,"A crystal collector since Aprâ€™21 & plant admirer.
Newbie to both. 
Journey with me. Letâ€™s home-accessorize & learn some geology together.
ğŸ‡¸ğŸ‡¬ SG based"
270,himalayah_gems_and_minerals,2038,5520,False,True,False,"we deal in all kind of faceted, rough and 100% Natural GemstonesğŸ’ğŸ’
âœˆï¸shipping worldwide ğŸŒ
Paypal and western union accepted"
271,planet_minerals_supplier,4018,7501,False,True,False,"Wholesale bussines of Gems and MineralsğŸ’ğŸ’ 
Dealing in Varities of Crystals, Minerals and Specimens on Wholesale 
Paypal Accepted
âœˆï¸Shipping worldwideğŸŒ"
272,yoniestar.co,757,4830,False,True,False,"ğŸ‡¸ğŸ‡¬ SINGAPORE Based
ğŸ’ Dropping new collections every week 
ğŸ’« DM to order 
ğŸšš Local Free delivery for SGD $60 and above
http://shopee.sg/yoniestar.co"
273,crystalbarbar1,909,6539,False,False,False,"ğŸ’Crystals stone, jewelry. 
accept big party or small party
Payment via P A Y P A L
shipment by  D H L"
274,rockscapade,329,221,False,False,False,"ğŸ”® an escapade with rocks
ğŸ’collector since 04.08.21 ğŸ‡¸ğŸ‡¬
ğŸ“· photographing my crystal hunts
ğŸ’¬ available crystals for rehome â¬‡ï¸"
275,prettystringsnstuff,54,40,False,True,False,"Customised bracelets, charms and Destash rings. 
DM for prices, resize and customisation options
Based in ğŸ‡¸ğŸ‡¬ SG"
276,mysticling,16,31,False,False,False,"Crystal Jewellery maker, psychic reading for romance, career or general. Let me empower you with useful info.
Order Yours Now! - free local shipping"
277,allurecrystal_,753,738,False,True,False,"Bringing sparkles to your life âœ¨
âœ§ Singapore based ğŸ‡¸ğŸ‡¬
âœ§ Next Live: 19 Mar, 8.30PM
âœ§ Free courier above $80
â˜ï¸ Shopee â‡©"
278,kaysenjx,85,66,False,False,False,"ğŸ’–Quality over Quantity
ğŸ€HandmadeğŸ™ŒğŸ»Designed by Kaysen
ğŸ’•Natural Special CrystalsğŸ’
Share beautyâ¤Enjoy Happinessâ£ï¸
âœˆï¸shopee è¦çš®ğŸ‡¨ğŸ‡³ğŸ‡µğŸ‡­ğŸ‡¸ğŸ‡¬ğŸ‡²ğŸ‡¾
ğŸ“§DM if interestedğŸ’•"
279,crystaljelly.sg,362,225,False,False,False,"Creative Crystal Hobbyist ğŸ‘©ğŸ»â€ğŸ¨
ğŸ’— Positive vibe only
ğŸ’— Natural crystals with 14K gold plated hardware
ğŸ’— DM for customization
ğŸ’— Shop now ğŸ‡¸ğŸ‡¬"
280,q.gems_sg,12,1,False,False,False,"ğŸ¤â¤ï¸ğŸ§¡ğŸ’›ğŸ¤ğŸ’šğŸ’™ğŸ’œğŸ–¤
ğŸ¤©Exquisitely handmade Alashan Agate jewels
ğŸ’—Rebalancing and harmonising body, mind and sprite 
ğŸ’°Money Magnet ğŸ§² 
ğŸ‡¸ğŸ‡¬Available in customise"
281,fated.itis,3147,562,False,True,False,"Ã— Next Live â€” tba âœ¨
Ã— We ship worldwide from the sunny Singapore ğŸŒ"
282,thestarrycrystal,477,4,False,True,False,"ğŸ‡¸ğŸ‡¬ SG Based
ğŸŒ¼ Story sale every Sunday, 2pm
ğŸŒˆ Free shipping for orders above $80
ğŸ“© DM to order"
283,fareast_crystals,613,5529,False,False,False,"ğŸ¤©Wholesaler 
4 live sale,plz follow @fareast_crystal_wholesale
ğŸ‘£Global shipping  
#crystalshop #crystalhealing #crystalwholesale #crystaladdict"
284,amethystfalls.co,321,193,False,True,False,"ğŸ“ Singapore ğŸ‡¸ğŸ‡¬
â„ï¸ Lovingly handcrafted 
ğŸ”® We do not offer customisations
ğŸŒŸ All designs come in only 1 piece to maintain exclusivity"
285,chefdclub,256,228,False,True,False,#chef #chefforhire #privatedining #sgfooddelivery #diningexperience #sgfood
286,mornin.gem,356,17,False,True,False,"ğŸ”® Embracing Crystals - Nature, Wellbeing & FashionğŸ’
ğŸ“ğŸ‡¸ğŸ‡¬ 
ğŸ“¿ Customisation available
ğŸ‘‰ğŸ» Follow us to get 10% off of your first purchase
ğŸ“ DM to order"
287,rmc.manifest,69,68,False,True,False,"Trying to sell my hobby crafts like everyone else â˜ºï¸
Uses recycle packing materials when possible â™»ï¸"
288,airplantssg,1059,518,False,True,False,"- selling air plants ğŸŒ¿ğŸŒ·
- based in singapore ğŸ‡¸ğŸ‡¬ 
- Story sales (more details in highlights)â€¼ï¸
- i buy crystals for my airplants(to resell at times)!ğŸ”®âœ¨"
289,gems.breakfast,25,1,False,True,False,"Welcome to Gems Breakfast â™¡ 
Where you can find natural faceted gemstones in Sunny Singaporeâ˜€ï¸ğŸ‡¸ğŸ‡¬
Customization @lecraftsmen ğŸ’"
290,ellybeads,141,139,False,False,False,"Shining âœ¨ Shimmering âœ¨ Splendid âœ¨
A girl living out her princess fantasies ğŸ‘‘
Handmade Crystal Bracelets
Customizations available, DM to enquire
ğŸ“ğŸ‡¸ğŸ‡¬"
291,crystal.scales.555,205,399,False,True,False,"Balance | Harmony | Equilibrium âš–ï¸
+ ğŸ‡¸ğŸ‡¬ Singapore
+ ğŸ”® We pride ourselves in handpicked crystals"
292,randa_crystalshop,295,1570,False,True,False,"ğŸ”®ğ•™ğ•šğ•˜ğ•™ ğ•¢ğ•¦ğ•’ğ•ğ•šğ•¥ğ•ª ğ•”ğ•£ğ•ªğ•¤ğ•¥ğ•’ğ•ğ•¤ & ğ•ğ•šğ•Ÿğ•–ğ•£ğ•’ğ•ğ•¤ğŸ”®
-ğŸ’Œ ğ”»ğ•„ ğ•—ğ• ğ•£ ğ• ğ•£ğ••ğ•–ğ•£ğ•šğ•Ÿğ•˜ -ğ•¤ğ•–ğ•”ğ• ğ•Ÿğ•• ğ•’ğ•”ğ•”ğ• ğ•¦ğ•Ÿğ•¥ 
-ğ•¥ğ•™ğ•– ğ•“ğ•–ğ•¤ğ•¥ ğ•¢ğ•¦ğ•’ğ•ğ•šğ•¥ğ•ª ğ•£ğ•–ğ•¥ğ•’ğ•šğ• ğ•’ğ•Ÿğ•• ğ•¨ğ•™ğ• ğ•ğ•–ğ•¤ğ•’ğ•ğ•– ğŸ˜ŠğŸŒˆ"
293,la.crystals,754,604,False,True,False,"ğŸ‘«ğŸ» | Managed by SG-MY Couple
ğŸ‡¸ğŸ‡¬ | Singapore Based â€¢ Ships Worldwide
âœ¨ | Specialised in Premium Crystal Bracelets
ğŸ”® | Cleansed with â™¥"
294,crystalsrare,4127,1785,False,True,False,"Ethically Sourced 
Crystals\minerals\specimens\polished stone
Customer our priority 
PayPal\bank transfer
Ship international
Dm for any inquiry #love"
295,crystal_ebi,8,2,False,True,False,
296,lovinglyyours.crystals,205,82,False,False,False,"ğŸŒ™Story sale: 27 March 8pm 
ğŸŒ™Mailing day: 26/27 March
ğŸŒ™Shop @shoplovinglyyours.crystals
ğŸŒ™ Ships worldwide from Singapore"
297,miracle.crystal_sg,515,2546,False,False,False,"ğŸŒˆCrystals @ ğŸ‡¸ğŸ‡¬SG
ğŸ‰new shopğŸª
ğŸ‹100% natural crystal from Uruguay and Brazil
â„¹ï¸ğŸ”®DM for inquiresğŸ”®ğŸ¦‹"
298,0n3_l0st_human3,3,3,False,True,False,"I am one lost HUMAN, searching for Food for the SOUL â¤ï¸ 
â€¢ Crystals & Plants â€¢ Coffee & Food â€¢ Crafts & Arts"
299,yellow__nabi,38,28,False,False,False,"âœ§ Crystal archive âœ§
ğ’€ğ’†ğ’ğ’ğ’ğ’˜ ğ’ğ’‚ğ’ƒğ’Š - ğ’‰ğ’ğ’‘ğ’†, ğ’‹ğ’ğ’š, ğ’“ğ’†ğ’ƒğ’Šğ’“ğ’•ğ’‰ â˜†:*Â´Â¨`*:.â€¢.Â¸Â¸.ÊšÄ­É
/ art: @yooenomel"
300,crystaal_love212,2085,7500,False,True,False,With a clear mind And loving hand touch to satisfy customers help me to be more focused and work
301,axtra.gems,21,9,False,False,False,"ğŸ§¡ Affordable & Specially Curated Jewellery. 
ğŸ§¡ Customisations are handmade & crafted with â¤ï¸
ğŸ’ Prices are in SGD
ğŸ’ DM us for purchase & customisation"
302,wina3676,221,2610,False,True,False,"ğŸ™‹ğŸ™‹ I sell various types of crystal stones ğŸ’ğŸ’from Indonesia ğŸ‡®ğŸ‡©ğŸ‡®ğŸ‡©at wholesale prices ğŸ’µand payment via Paypal and delivery via DHL, please follow ig meğŸ¤©ğŸ˜"
303,jo.krystalz,83,48,False,True,False,"â™¥ singapore basedğŸ‡¸ğŸ‡¬ 
â™¥ story sales
â™¥ available items under highlights
â™¥ read through our guidelines before claiming for more details"
304,sqelf,306,284,False,False,False,Sins Have I
305,iskarah.crystals,1519,420,False,False,False,"Crystals Hobby Shop on the Little Red Dot
ğŸ“Singapore
âœˆ Local / International Shipping
Live Sale / Story Sale"
306,crystal_blink_blink,10,15,False,False,False,Collecting and selling Crystal
307,mianbao.collects,880,251,False,True,False,"ğ“ƒğ“Šğ‘”ğ‘”ğ‘’ğ“‰ğ“ˆ ğ‘œğ’» ğ’¿ğ‘œğ“ ğ’»ğ“‡ğ‘œğ“‚ ğ“‰ğ’½ğ‘’ ğ“Šğ“ƒğ’¾ğ“‹ğ‘’ğ“‡ğ“ˆğ‘’ 
à«® Ë¶áµ” áµ• áµ”Ë¶ áƒ*ï½¥ï¾Ÿâ˜…
â˜ï¸ ğ’”ğ’‰ğ’ğ’‘ ğ’‚ğ’—ğ’‚ğ’Šğ’ğ’‚ğ’ƒğ’ğ’† / ğ’‡ğ’†ğ’†ğ’… ğ’”ğ’‚ğ’ğ’†ğ’” @shopmianbao
â˜€ï¸ ğ’ƒğ’‚ğ’”ğ’†ğ’… ğ’Šğ’ ğ’”ğ’–ğ’ğ’ğ’š ğ’”ğ’Šğ’ğ’ˆğ’‚ğ’‘ğ’ğ’“ğ’†"
308,abundance.co,108,465,False,True,False,"""ğğ¥ğğ§ğ­ğ¢ğŸğ®ğ¥ğ§ğğ¬ğ¬ ğ¨ğŸ ğ­ğ¡ğ ğ ğ¨ğ¨ğ ğ­ğ¡ğ¢ğ§ğ ğ¬ ğ¨ğŸ ğ¥ğ¢ğŸğ""
Ships Worldwide from SG ğŸ‡¸ğŸ‡¬
Free Local & International shipping above $80"
309,crystallalasg,793,1978,False,True,False,"Ships to ğŸ‡¸ğŸ‡¬ courier $1.51, buy thru Shopee only. Ships out on every Wednesday and Saturday. Affordable pricing."
310,sparklydruzystones,533,839,False,True,False,"For all the crystal lovers
I'm turning my hobby into a new adventure!
Spread the positivity â¤ğŸ§¡ğŸ’›ğŸ’šğŸ’™ğŸ’œ
Based ğŸ‡¸ğŸ‡¬ 
DM me for any qns ğŸ”®ğŸ”®"
311,sweetnothings.gems,176,81,False,True,False,"â¤ï¸ â¤ï¸ â¤ï¸ ç”œå²©è§…é›¨
â™¡ ğ˜´ğ˜¸ğ˜¦ğ˜¦ğ˜µ ğ˜¯ğ˜°ğ˜µğ˜©ğ˜ªğ˜¯ğ˜¨ğ˜´ & ğ˜¤ğ˜³ğ˜ºğ˜´ğ˜µğ˜¢ğ˜­ ğ˜¢ğ˜³ğ˜® ğ˜¤ğ˜¢ğ˜¯ğ˜¥ğ˜ªğ˜¦ğ˜´ 
â™¡ á´„Ê€Êsá´›á´€ÊŸ Ê™á´€Ê€ ğŸ”®
â™¡ á´€ÊŸá´€sÊœá´€É´ á´€É¢á´€á´›á´‡ á´„Êœá´€Ê€á´ á´„ÊŸá´œÊ™ ğŸ§¸ é˜¿æ‹‰å–„ç‘ªç‘™èŒå® é“º
â™¡ sá´›á´Ê€Ê sá´€ÊŸá´‡ | sÉ¢á´… | Ò“Ê€á´‡á´‡ á´„á´á´œÊ€Éªá´‡Ê€ > $ğŸ¾ğŸ¾"
312,quartzmaw,1,0,False,True,False,Authentic carefully handpicked Crystals
313,m1styg3mz,97,50,False,True,False,"handmade things áƒ¦
DM TO ORDER
shop #m1styavails 
sg based"
314,crystalforestsg,1086,9,False,True,False,"Curating beautiful crystals direct from mines around the world
1274 items sold ğŸ€ 
Next Live: 30 Mar 8pm ğŸ“¡ 
Based in Singapore ğŸ‡¸ğŸ‡¬
We ship worldwide! ğŸŒ"
315,beadsforyou.sg,3266,2367,False,True,False,"ğŸ’— Bringing you happiness through these charming & meaningful crystal and pearl bracelets âœ¨
ğŸ‡¸ğŸ‡¬ SG 
ğŸ’¬ Order via DM or click link below â¬‡ï¸"
316,candymountaincrystals,765,448,False,True,False,"ğŸ­ Next Live 31 Mar 8pm You're Invited!
ğŸ”… Cleansed, Happy Crystals  
ğŸ¦„ Animal Comms & Reiki
ğŸ‡¸ğŸ‡¬ Based in Singapore, ships to ğŸŒ"
317,deux.crystals,824,820,False,True,False,"ğŸ‡¸ğŸ‡¬ SG based
â¬‡ï¸ available under highlights & feed
ğŸ†“ local delivery for SGD80 & above
ğŸŒ dm to check for overseas shipping"
318,aalacritywithaaana,770,133,False,True,False,TAROT CARD â£Angel CardS â£Ã‘umerologist â£ Color therapistâ£ Crystal Healingâ£Candle healingâ£Rituals Pendulum Dowsing  #entityremoval # property cleansing
319,wisteria.petal,256,158,False,True,False,"á´„Ê€á´€êœ°á´›ÉªÉ´É¢ Ê™Ê€á´€á´„á´‡ÊŸá´‡á´› á´¡Éªá´›Êœ É´á´€á´›á´œÊ€á´€ÊŸ á´„Ê€Êêœ±á´›á´€ÊŸ
á´ÉªÉ´Éªá´á´€ÊŸÉªêœ±á´› á´…á´‡êœ±ÉªÉ¢É´ 
Êœá´€É´á´…á´á´€á´…á´‡ á´¡Éªá´›Êœ ÊŸá´á´ á´‡
ğŸ“Ê™á´€êœ±á´‡ ÉªÉ´ êœ±ÉªÉ´É¢á´€á´˜á´Ê€á´‡ ğŸ‡¸ğŸ‡¬
á´…á´ á´›á´ á´Ê€á´…á´‡Ê€
sá´á´á´‡á´›Éªá´á´‡s á´˜á´sá´›ÉªÉ´É¢ sá´á´á´‡ É´á´€ÉªÊŸ á´…á´‡sÉªÉ¢É´s á´›á´á´"
320,dropsof_crystals,1987,11,False,True,False,"âœ¨ You will be getting premium treasures
â–«ï¸ 100% natural elements only 
â˜€ï¸ Re-energise & savour your journey
ğŸ¤ Based in Singapore, ships worldwide"
321,embracingcrystals,576,218,False,True,False,"Webstore has been launched! ğŸ‘‡ Access via link below ğŸ‘‡
Based in ğŸ‡¸ğŸ‡¬, prices are in SGD"
322,crystalmaoz,63,95,False,False,False,"Main - @gina_tsy
Mainly for destashing and selling my handmade bracelets!"
323,themanifeststore,85,21,False,True,False,"âœ¨ all that glitters is not gold 
ğŸ”® wide range of crystals for all your manifestations
ğŸ‡¸ğŸ‡¬ based in sg, free shipping abv $100"
324,crystals_manifest,66,63,False,True,False,DM Sandy for customised bracelets.  We are selling natural crystal bracelets in Singapore.
325,bambinluna,508,731,False,True,False,"Small Business ğŸŒ• Crystals Lovers ğŸŒ‘ Featuring only the pieces that we love 
ğŸ‡¸ğŸ‡¬Free local shipping with $80 spent
Live sale: 20th Mar, Sunday@1600 hrs"
326,stones_of_earth,69,13,False,True,False,"Natural crystalsğŸŒğŸŒœâ­ğŸ’
ğŸŒ$0 Shipping Singapore
ğŸ’°Bank TF/paynow +65 91336980
â‡www.iamstonesofearth@gmail.com"
327,all.in.a.quartz,163,64,False,False,False,"â„šğ•¦ğ•’ğ•£ğ•¥ğ•«
:: ğ•ğ•šğ•¤ğ•¦ğ•’ğ• ğ•£ğ•–ğ•”ğ• ğ•£ğ••ğ•¤ ğ•šğ•Ÿ ğ•ğ•’ğ•”ğ•£ğ• ğ•¤ 
:: ğ•„ğ• ğ•¤ğ•¥ğ•ğ•ª â„‚ğ•šğ•¥ğ•£ğ•šğ•Ÿğ•–, â„‚ğ•ğ•–ğ•’ğ•£ â„šğ•¦ğ•’ğ•£ğ•¥ğ•« & ğ•Šğ•ğ• ğ•œğ•–ğ•ª â„šğ•¦ğ•’ğ•£ğ•¥ğ•«   
:: ğ”»ğ•„ ğ•¨ğ•–ğ•ğ•”ğ• ğ•ğ•–"
328,sparkles_moony,67,16,False,True,False,"ğŸ‘¸ Collection of @saralle_yang  
ğŸ’— Mostly Pink Amethysts, with a dash of everything else
âœ¨ Just here to share my obsession with crystals"
329,indonesianagateseller,4320,5480,False,True,False,"We are a production house, which produces various types of Indonesian rocks, working with all our heart to get the best quality"
330,dealercrystals,493,1770,False,True,False,"We are a house that produces handicrafts All crafts that we sell are the result of our own production houses, not resellers or distributors."
331,gnome_n_grove,93,63,False,True,False,"Polymer Clay + Crystals
Handmade with care and love.
For people who cant keep plants alive or just love pretty things."
332,tworicrystals,739,750,False,True,False,"next launch â–ªï¸2nd April 2022, 12.30pm 
""Happiness comes in waves ğŸŒŠ""
Availables in @twori.serendipity - ğŸš§
""ğšŠ ğš‘ğšğšŠğš•ğš’ğš—ğš ğšœğš™ğšŠğšŒğš..."""
333,queen_crystals.snow,503,3009,False,True,False,"Selling jewelry
-Stone
-Crystal
-Mineral
-stone carving
-macrame and other
Worldwide shipping
Received Orders special"
334,rizky_crystal_and_jewelry,2446,7257,False,True,False,"Wholesale and retail stone sellers from baliğŸ‡®ğŸ‡©
Worldwide Shipping ğŸŒ
Paypal payment ğŸ’²
Shipping using EMS, DHL and Fedex âœˆï¸
Whatsapp+625664550499"
335,the.mellowcrystal,2789,494,False,True,False,"ğŸ“ Singapore
â¤ï¸ bracelets made with love and positive energy
âœ¨ new launch: 19 March
ğŸ”® begin your magical crystal healing journey here ğŸ‘‡ğŸ»"
336,labella.growyourhappiness,104,228,False,True,False,"ğŸ’ Quality crystals & gemstones at pocket-friendly price 
ğŸ‡¸ğŸ‡¬ Based in Singapore
ğŸ’Œ Free shipping > $60
#crystals #sgcrystals #healingcrystals #gemstones"
337,bykazel,421,288,False,True,False,"Good vibes naturally ğŸŒ™ğŸŒ±
Handpicked curationsğŸ”
+âƒâ‘¥â‘¤  
ğŸ“ŒNext launch: TBC 
ğŸ’ŒDM for Availables
ğŸ§ğŸ»â€â™€ï¸ ğ˜µğ˜¢ğ˜³ğ˜°ğ˜µ/ğ˜°ğ˜³ğ˜¢ğ˜¤ğ˜­ğ˜¦ @arcanaserenade"
338,krystal.de_bleu,755,505,False,True,False,"ğŸ’œ Specially For You
ğŸ’Œ DM to purchase
â—ï¸ Do read our Guidelines
ğŸ‡¸ğŸ‡¬ Based in Sunny Island"
339,mellowserenade,746,221,False,True,False,"â‹†â˜ï¸âœ¶â‹†â˜¾â‹†â˜ï¸
Handcrafted gemstone crystal jewelry
Next launch - 26 Mar, 12pm
âœˆï¸ Worldwide shipping"
340,andycrystalls,1765,5583,False,True,False,"ğŸ’SELLING VARIOUS TYPES OF STONE & MINERALSğŸ‡®ğŸ‡©& VARIOUS FORMSğŸ’PAYMENT THROUGH PAYPALğŸ’°WESTERN UNIONSğŸ’¸ WORLDWIDE SHIPPINGğŸ“© VIA EMS, UPS, DHLğŸŒORDER VIA DM"
341,auralitecrystals,3172,247,False,True,False,"ğŸ’« Once Upon A Moon Mystery Box 27 Mar
ğŸŒ Ships worldwide from Singapore 
ğŸª´ Available under Highlightsãƒ»Prices in SGD $
Moon Magic @themoonapothecary"
342,cvystalian.love,3456,207,False,True,False,"ğŸ¤Crystal indulgenceğŸ¤
ğŸŒ¼ Bringing you joy in every piece you choose
ğŸŒ Based in Singapore, ships worldwide"
343,moonlightgems_sg,1523,945,False,True,False,"Next launch: 2 Apr ğŸ’•
Twin sisters bringing you crystals from all around the worlğŸŒ
Visit our highlights for available crystalsğŸ’
Ships worldwideâœˆï¸
SGDâœ¨"
344,the.rituals.co,3046,493,False,True,False,"Â· create meaningful scent rituals
Â· eco-consciously handcrafted aromatherapy
Â· 8% off your 1st order 
Â· ships worldwide"
345,komi_crystals,8367,522,False,True,False,"ğŸ¥ WEEKLY SAT LIVE 
ğŸ‡¸ğŸ‡¬ SG based |ğŸ’²SGD | âœˆï¸ Ships Globally 
âœ¨ Finding your missing piece
ğŸ’ Good Vibes Only | Meditation | Decor"
346,crystal7533sg,510,777,False,False,False,Passionate in Curating Beautiful Individually Handpicked Crystals. Based in SingaporeğŸ‡¸ğŸ‡¬. Ships locally (for now). Viewing beside Redhill MRT.
347,crystalheartssg,4991,1581,False,False,False,"ğŸ”® ğ˜Œğ˜µğ˜©ğ˜ªğ˜¤ğ˜¢ğ˜­ğ˜­ğ˜º ğ˜¤ğ˜¶ğ˜³ğ˜¢ğ˜µğ˜¦ğ˜¥ ğ˜²ğ˜¶ğ˜¢ğ˜­ğ˜ªğ˜µğ˜º ğ˜¤ğ˜³ğ˜ºğ˜´ğ˜µğ˜¢ğ˜­ğ˜´ 
âœˆï¸ ğ˜šğ˜©ğ˜ªğ˜±ğ˜´ ğ˜¸ğ˜°ğ˜³ğ˜­ğ˜¥ğ˜¸ğ˜ªğ˜¥ğ˜¦ ğ˜§ğ˜³ğ˜°ğ˜® ğ˜šğ˜
ğŸ’° ğ˜ˆğ˜¤ğ˜¤ğ˜¦ğ˜±ğ˜µğ˜´ ğ˜—ğ˜¢ğ˜ºğ˜®ğ˜¦ğ˜¯ğ˜µ ğ˜—ğ˜­ğ˜¢ğ˜¯ & ğ˜ğ˜°ğ˜°ğ˜­ğ˜¢ğ˜© 
âš¡ï¸ ğ˜ğ˜­ğ˜¢ğ˜´ğ˜© ğ˜šğ˜¢ğ˜­ğ˜¦ğ˜´ ğ˜—ğ˜¢ğ˜¨ğ˜¦: @crystalheartssg.sales"
348,astral.krystals,556,82,False,True,False,"ğŸ‡¸ğŸ‡¬ SG Crystal Hobby Shop.
ğŸ“¦: Free courier with $80 spent.
â¤ï¸ View highlights for available items!"
349,shoplove.kith,444,0,False,True,False,"ships worldwide | available for customisation
crystals | semi- precious gemstones
unique | handcrafted jewellery"
350,gavi_crystal_stone,1296,6511,False,True,False,"ğŸ’Crystals shop IndonesiaseğŸ‡²ğŸ‡¨ğŸŒ worldwide shipping DHL, MESğŸ’µ Paypal AcceptedğŸ“©DMğŸ‘‰For the price, wholesale"
351,feedecrystal,731,251,False,True,False,"ğŸ§šâ€â™€ï¸á‘Œá‘iá‘«á‘Œiá’ªy crafted individually
ğŸ’œLive 25.3.2022 8:30pm
ğŸ¦„Cá‘Œá”•toá—°iá”•á—©tioá‘
ğŸ’ŸNatural Crystals & gems Oá‘á’ªY
ğŸ”®á—ªá—° for any enquiries
ğŸªworldwide shipping"
352,gember.store,426,22,False,True,False,"Handmade Accessories ğŸ’™
Crafted with natural stonesğŸ’
Modern designs at affordable pricesâœ¨
DM for customisations ğŸŒ¿ ğŸ‡¸ğŸ‡¬"
353,happiness_goalsg,61,0,False,True,False,"ğŸŒ¹Preorder ( Made-to-order only )
ğŸ§¸ Handmade full diamond bear 
Come in size 18cm , 23cm & 34cm 
ğŸ””Pre-order 1 week in advance"
354,crystal_stone_agate,3240,6999,False,True,False,"ğŸ’ğ•¤ğ•–ğ•ğ•ğ•šğ•Ÿğ•˜ ğ•§ğ•’ğ•£ğ•šğ• ğ•¦ğ•¤ ğ•¥ğ•ªğ•¡ğ•–ğ•¤ ğ• ğ•— ğ•¤ğ•¥ğ• ğ•Ÿğ•–&ğ•ğ•šğ•Ÿğ•–ğ•£ğ•’ğ•ğ•¤ ğŸ‡®ğŸ‡©&ğ•§ğ•’ğ•£ğ•šğ• ğ•¦ğ•¤ ğ•—ğ• ğ•£ğ•ğ•¤ğŸ’ğ•¡ğ•’ğ•ªğ•ğ•–ğ•Ÿğ•¥ ğ•¥ğ•™ğ•£ğ• ğ•¦ğ•˜ğ•™ â„™ğ•’ğ•ªğ•¡ğ•’ğ•,ğ•¤ğ•™ğ•šğ•¡ğ•¡ğ•šğ•Ÿğ•˜ ğ•§ğ•šğ•’ ğ•Œâ„™ğ•Š,ğ”»â„ğ•ƒ,â„‚ğ•™ğ• ğ•šğ•£ ğ•–ğ•©ğ•¡ğ•£ğ•–ğ•¤ğ•¤
ğŸ’(minimum $150 free shippingğŸ‡¸ğŸ‡¬)ğŸ’µğŸ’·ğŸ’¶"
355,willy_guntara,2051,5036,False,False,False,"â€¢ CRAFTSMAN
â€¢ ALL PRICES IN MY PAGE NEGOTIABLE
â€¢ DM FOR CUSTOMIZE FROM STONES
â€¢ âœˆï¸WORLDWIDE SHIPPING
â€¢ ğŸ’°PAYPAL 
** DON'T HESITATE FOR CONTACT US **"
356,nickycrystavail,341,1,False,False,False,"MAIN:@nickycrystcollection avail pageğŸŒ¸
All the pieces here are for sale & mostly discountedâœ¨ 
Dm/Comment to claimğŸ’–"
357,carnelian_specialist,429,558,False,True,False,"We Accept Order By Request
"" CARNELIAN SPECIALIST ""
CRAFTSMAN / SELLER TRUSTED
Payment : PAYPAL 
Shipment BY DHL
Don't Hesitate To Contact Us"
358,gems_tonesss,3728,7492,False,True,False,"sukabumi_INDONESIAğŸ‡²ğŸ‡¨
I offer gemstones for sale with the best polish and delivery to all countries also provide Paypal for payment,wholesale & retail"
359,thetsukiyo.co,7289,241,False,True,False,"ğŸŒ™ Crystals | Mindfulness
â­ï¸ SHOP @thetsukiyo.edit & â¤µï¸
âœ¨ Live: 25 & 26 Mar, 8pm SGT
âš¡ Mail: 24/25 Mar â€¢ cut-off 22 Mar, 6pm
ğŸ‡¸ğŸ‡¬ Ships ğŸŒ"
360,pie.gems,150,143,False,True,False,"ğ“¶ğ“®ğ“¶ğ“¸ğ“²ğ“» ğ“¸ğ“¯ ğ“·ğ“ªğ“½ğ“¾ğ“»ğ“® ğŸ”®ğŸ‡¸ğŸ‡¬+ğŸ”ğŸ“
ğ“ˆğ“…ğ‘’ğ’¸ğ’¾ğ’¶ğ“ğ“ğ“  ğ’¸ğ“Šğ“‡ğ’¶ğ“‰ğ‘’ğ’¹ ğ’»ğ‘œğ“‡  ğ’´ğ‘œğ“Š  ğ’¶ğ“ƒğ’¹  ğ“ğ‘œğ“Šğ“‡ ğ»ğ‘œğ“‚ğ‘’.
âœ¨ğš†ğš‘ğš˜ğš•ğšğšœğšŠğš•ğš, ğ™²ğš˜ğš›ğš™ğš˜ğš›ğšŠğšğš ğšŠğš—ğš ğš‚ğš˜ğšğš›ğšŒğš’ğš—ğš ğšœğšğš›ğšŸğš’ğšŒğšğšœ ğšŠğšŸğšŠğš’ğš•ğšŠğš‹ğš•ğšâœ¨"
361,numzcrystal,165,185,False,False,False,"à©ˆâœ©â€§â‚ŠËš @numeromeltz'ğ’” ğ’„ğ’“ğ’šğ’”ğ’•ğ’‚ğ’ ğ’“ğ’†ğ’•ğ’“ğ’†ğ’‚ğ’• ğŸ‡¸ğŸ‡¬ Ëšâ‚Šâ€§âœ© à³„à¾€
     Do keep an eye out for some future destash!
               â˜€ï¸ Desk job ğŸŒ™ Crystal admirer"
362,crystalsavasana,3854,879,False,True,False,"ğŸ’ weekly live on Sunday at 6.30pm  
ğŸ’ huge collection of Pietersite & nine-tailed ğŸ¦Š 
ğŸ’ consciously curated crystals by VY
ğŸ’ based in Singapore"
363,crystxlwxlf,471,259,False,True,False,"âŒ Unblock âŒ
ğŸŒš@xxwolfrain100xxâ€™s crystal account ğŸŒš
ğŸŒŒ And God said, â€œLet there be light,â€ ğŸŒŒ
âœ¨ Tarot Services Available âœ¨"
364,rasya_gemsseller,74,358,False,True,False,"ğŸ’ ğğğ¬ğ­ ğ‚ğ«ğ²ğ¬ğ­ğšğ¥ğ¬ ğ’ğ¡ğ¨ğ©
ğŸ›« ğ–ğ¨ğ«ğ¥ğğ°ğ¢ğğ ğ¬ğ¡ğ¢ğ©ğ©ğ¢ğ§ğ 
ğŸ“© ğ€ğœğœğğ©ğ­ ğğ¢ğ  ğğ«ğğğ«ğ¬
ğŸ’µ ğğšğ²ğ©ğšğ¥ ğğšğ²ğ¦ğğ§ğ­
ğŸ· ğ–ğ¡ğ¨ğ¥ğğ¬ğšğ¥ğ, ğ‘ğğ­ğšğ¢ğ¥ ğŸ·ğŸ·
ğ™ƒğ™–ğ™¥ğ™¥ğ™® ğ™ğ™ğ™¤ğ™¥ğ™¥ğ™ğ™£ğ™œ ğŸ›ï¸ğŸ’¸"
365,missyaffair,223,252,False,False,False,"ğŸ€ Outer beauty attracts, inner beauty captivates ğŸ’•
ğŸ€ Self collect/courier available ğŸ˜Š"
366,urbanstonejewellery,776,2,False,True,False,"Gems & Crystals âœ¨
Jade @jadeitebyurbanstone 
â€¢ Lucky Plaza # B1-72 (Monday to Saturday, 1:30-7:30pm)
ğŸ“Singapore"
367,bumbbear,287,11,False,False,False,"ğŸ‡¸ğŸ‡¬ Based, Only Mails in SG
âœ‰ï¸ Mailing Only!
âŒNot responsible for any lost mail!
âŒDo NOT tag me in any posts"
368,moonxwick,11267,33,False,False,False,"ğŸ¤ Dulce ğŸ¤
- New Moon + Full Moon Candles 
- 100% Coconut Wax
- with Therapeutic Grade Essential Oil
- Hand-poured with Love ğŸ¤ in Singapore"
369,puritycrystalshop,2076,326,False,True,False,"ğŸ“ºIG LIVE Sales: Sun(27th), 4pm
ğŸ”®Natural Crystals
ğŸ“SG basedğŸ‡¸ğŸ‡¬
ğŸ’ŒDM us to order
âœ¨FB page: http://www.facebook.com/puritycrystalshop/"
370,crystalsinme,305,321,False,True,False,"Made by Nature. Designed with Love. 
We specialise in crystals and custom made jewelry. 
You Dream It , We Got It.
28 BizHub
PM to know more ğŸ’Œ"
371,oreadscrystals,994,351,False,True,False,"Welcome to Oreadâ€™s Crystals ğŸ§šğŸ»â€â™‚ï¸âœ¨
ğŸ”® hobbyist curator & collector
ğŸ‡¸ğŸ‡¬ based in Singapore
ğŸ’– free local shipping above $100 - open box available"
372,miragecrystals,973,873,False,True,False,"Specially curated ğŸ‘‘
DM to Claim/Customize ğŸ›’
Next Story Launch â¡ï¸ TBC
Free local courier >SGD 80ğŸ“¬
Ships WorldwideğŸŒ 
#miragecrystals"
373,zwenaellecrystal,109,523,False,True,False,"SG baseğŸ‡¸ğŸ‡¬ 
Random Crystals ğŸ”®& minerals  â˜„ï¸
Ethically Sourced ğŸ” 
Crystals are all cleansed ğŸŒŠâ˜€ï¸ğŸŒ™ğŸ”¥ğŸŒ¬&
Reiki charged ğŸ•‰#Follow for updates, weekly Launch"
374,crystals.indo_agatecenter,3047,6983,False,True,False,"ğŸ”®Ê™á´‡êœ±á´› á´„Ê€Êêœ±á´›á´€ÊŸêœ± êœ±Êœá´á´˜ğŸ’¯
âœ§á´¡Êœá´ÊŸá´‡êœ±á´€ÊŸá´‡âš–ï¸Ê€á´‡á´›á´€ÉªÊŸğŸ’
ğŸ›«á´¡á´Ê€ÊŸá´…á´¡Éªá´…á´‡ êœ±ÊœÉªá´˜á´˜ÉªÉ´É¢ğŸŒ
ğŸ’¸ğŸ’µá´˜á´€Êá´á´‡É´á´› á´ Éªá´€ á´˜á´€Êá´˜á´€ÊŸğŸ§
ğŸ“¦á´€á´„á´„á´‡á´˜á´› Ê™ÉªÉ¢ á´Ê€á´…á´‡Ê€ğŸ“¦
ğŸ“©á´…á´ á´›á´ á´Ê€á´…á´‡Ê€ğŸ‰@á´„Ê€Êêœ±á´›á´€ÊŸêœ±.ÉªÉ´á´…á´_á´€É¢á´€á´›á´‡á´„á´‡É´á´›á´‡Ê€
á´›Êœá´€É´á´‹êœ±ğŸ™"
375,james_stone_wholshaller,4119,5683,False,True,False,"Factory crystal wholesaleâ¤ï¸â¤ï¸
High quality crystal delivery global wholesale or retail Å  PayPal 
Receive orders
from Bali Indonesia 
@jamesflashsale"
