,username,followers,followees,is_private,is_business_account
0,leassteinwelt,6337,2983,False,True
1,awakenstardust,237408,124,False,False
2,praktijk_matricaria,3101,670,False,True
3,nickycrystcollection,9162,150,False,True
4,sacredsoulfulshop,3576,1179,False,False
5,wirewrappingposts,3294,1492,False,False
6,spiritnectar,597384,413,False,False
7,life_of_geology,328806,387,False,True
8,crystalladyluna,74638,1131,False,True
9,supernaturalhealinggeek,2085,1056,False,True
10,alwaysabundantco,1326,111,False,True
11,ihaveacryingissue,17,10,False,False
12,yuan_ore_crystal,693,9,False,True
13,direct.from.mine,2493,7360,False,False
14,blackiris_design,1116,255,False,True
15,ananda_nalini1111,1178,256,False,False
16,vcrystals_official_rhodes,894,522,False,True
17,crystal_wholesale_w,943,5779,False,False
18,starlieart,316,877,False,False
19,bellas.handmadetreasures,2916,7506,False,True
20,lalita.sundari.atl,598,1225,False,False
21,beybeads.co,275,184,False,False
22,darkk.naytion,74,309,False,False
23,the.crystal.mess,15056,3558,False,True
24,artesanatomadretierra,394,188,False,True
25,selenadeflor,11958,703,False,True
26,iamblessedmalabeads,3797,888,False,True
27,lithopotamus,241,303,False,False
28,inspirations_bysj,66,58,False,True
29,valley.crystals.sales,3095,1,False,False
30,reikividhyakendra,10,8,False,True
31,breathesketchrelax,98,414,False,False
32,buddhawasablackwoman,265,1261,False,False
33,gemcreationsinc,5600,7502,False,True
34,clearwatercornershop,242,180,False,True
35,clawz4me,744,1335,False,True
36,spiritual.light.love,13,4,False,False
37,alchemy.gypsy,362,400,False,False
38,dmagicalavenue,100,392,False,False
39,kats.crystals,318,110,False,False
40,pervinca_accessori,3867,316,False,True
41,homeattunement,528,181,False,True
42,uk_gems_,3256,6607,False,False
43,colorgems12,556,951,False,False
44,mysticminerals_teri,3111,3285,False,False
45,bettertogetherrockshop,496,724,False,True
46,folium.co,3012,2090,False,False
47,jojo_bizarreee,925,1329,False,False
48,witches.work,25,20,False,False
49,njuanye,1994,6764,False,False
50,sedonashiddencrystalshop,197,425,False,True
51,galorecrystalsg,1050,1590,False,True
52,crystal_wholesaler_glorious,1214,4324,False,True
53,kaishealinggarden,3956,7454,False,True
54,sacred.minerals,16672,1689,False,True
55,juliecalendar,91,124,False,True
56,danicalicollectibles,572,1186,False,False
57,hollyanneboutique,804,574,False,True
58,sonandmoon.co,55,25,False,False
59,gardengirlteas,1523,1397,False,True
60,horseshowbeautydesigns,654,44,False,True
61,aja_amari83,12387,7497,False,True
62,sagga.369,588,728,False,False
63,loshis.world,45,9,False,True
64,dahlia.nails.519,4855,3377,False,False
65,alabasterandash,568,92,False,True
66,the_cannan_,167,272,False,True
67,fairytale.crystals,4696,475,False,True
68,lovesensecrystals,12177,698,False,False
69,kloth_longjetty,593,1072,False,True
70,bigenergygems,1876,229,False,True
71,beadtique__bymade,222,250,False,True
72,kimberlingcandleco,706,575,False,True
73,kootenay_artisan_cooperative,219,154,False,True
74,midgard.mercantile,1754,36,False,True
75,ru.th.93,1253,4861,False,False
76,cordable,38,3,False,True
77,triplenickelcrystals,522,531,False,True
78,jielimei,2973,2413,False,True
79,moonserpentandbone,4082,786,False,True
80,istelshop,600,488,False,True
81,jewelsandgems.online,171,273,False,True
82,amira75195,1571,996,False,False
83,sufigems_jewellery,2055,7014,False,True
84,cwp1314520,1840,6838,False,False
85,gothwhiteinc,2257,368,False,False
86,the_wiseowl_,312,296,False,True
87,sammystreasures1,39,61,False,False
88,weicrystalwholesale,3715,6685,False,True
89,theluckyfernco,120,227,False,True
90,mermaidcrystals_,4331,323,False,True
91,hello.thewellnesshub,11,0,False,False
92,trend_bgm.__,71,39,False,True
93,magicfairycandles,10098,1684,False,True
94,buddhasminerals,11776,290,False,True
95,crystal.jasper_store,9,5,False,True
96,diys.by.graciee,226,106,False,True
97,alex_61098,339,555,False,False
98,cannedham_collective,807,1357,False,True
99,owlsnesttherapy,438,703,False,True
100,aehsinofcolor_sweets,31,128,False,True
101,neat.ohio,20,74,False,True
102,illyriadelerium,701,1362,False,False
103,magic_wax.candles,1730,548,False,True
104,_mysticmonii,560,1,False,False
105,skyfiremassage,131,92,False,True
106,avoriocollection,1138,591,False,True
107,gemstone_gs,400,0,False,True
108,ggsofia_glam,29522,462,False,False
109,slaydstudio,1158,139,False,True
110,dailytarot2022,67,53,False,False
111,trippytreasures777,175,12,False,True
112,glamguilt,12031,60,False,True
113,rollingstonedcreations,59,59,False,False
114,pandjiagate,4,40,False,False
115,missadventurechronicles,1128,1122,False,True
116,journeyofagoddesss,1809,1722,False,False
117,goodkarmaavenue,4248,2535,False,True
118,jie_gem,17,121,False,True
119,crystalkangcai,2360,7275,False,False
120,shoppocketpotions,106,166,False,True
121,magick.bazar,962,880,False,False
122,highpriestange_lpasta,261,919,False,False
123,alonsojewels,1095,3995,False,True
124,raisinglilwildones,1591,1076,False,False
125,aura_gateway,291,54,False,True
126,glow_intheknow,224,376,False,False
127,thecrystalcultureuk,680,32,False,True
128,3dprint.o.mania,1306,3389,False,False
129,shelleyturner_holistics,186,444,False,False
130,crystalwholesale_xx,1674,6017,False,False
131,pebbles_the_frog,6425,5636,False,False
132,crystalwholesale_free_shipping,1038,3082,False,True
133,manifestbythemoon,377,830,False,True
134,iam_healinggifts,7238,676,False,False
135,feathergirl_05,394,388,False,False
136,quartzblazer,1377,1880,False,False
137,culturecrystals,123,84,False,True
138,sixthscentsoils,3697,242,False,True
139,geologywonders_,1460,615,False,True
140,simplybewellgifts,350,42,False,True
141,creativitybyjulia,1939,2786,False,True
142,gsweets19,47,198,True,False
143,the.lumi.shop,95530,664,False,True
144,crystalsforhumanity,204098,4795,False,True
145,lovebeyondjewelry,4613,416,False,True
146,carayin_521,5774,4680,False,True
147,david.oshell,1917,1148,False,True
148,zen_veteran,1900,466,False,True
149,poeticvibe1,318,142,False,True
150,gemtuitive,821,318,False,True
151,geology_pedia,3311,177,False,False
152,poppiesandmoonstones,1222,712,False,True
153,thelibertygraves,9,19,False,False
154,fieldzhao,1985,4911,False,True
155,defacto_books,1350,1640,False,True
156,shop.rawjewels,126,31,False,True
157,the_crystal_guide,784,180,False,True
158,thelucidgraveyard,2164,354,False,True
159,gemstradingcenter,1234,33,False,True
160,hessjewellery,113,24,False,True
161,mewefairs,579,386,False,True
162,stonedcrystals,108401,3506,False,True
163,crystalzbyvi,99,5,False,True
164,polarisfalls,591,1217,False,False
165,intomesea,1634,402,False,True
166,devaansh_collections,1619,2198,False,False
167,dejaandom,2305,41,False,True
168,gaia_mind_body_and_spirit,553,1846,False,False
169,stonestreetakashic,1285,255,False,True
170,abigaillorrainephotography_,420,519,False,True
171,elianasilvettidesign,8126,2666,False,False
172,i.m.therealsoulspa,7503,1033,False,True
173,lilmissmasonjar,590,778,False,False
174,theraulemanuel,535,61,False,False
175,ifakesoul,185419,28,False,False
176,chrystalsnaturals,250,760,False,True
177,karasnauticalcreations,345,520,False,True
178,infullbloomxoxo,101,377,False,True
179,holisticveganlifestyle,59,184,False,False
180,divinedestinitarot,14392,366,False,False
181,blingeethingee,26416,1755,False,True
182,winewithwitches,157,46,False,False
183,bijoubyrose_noosa,578,135,False,True
184,creativehemps,590,706,False,False
185,samssunnydaze,133,285,False,False
186,desertauraminerals,888,288,False,True
187,crazy_beats.__,4199,187,False,True
188,ruslanmuhammad909,11,60,False,False
189,fairy_wholesalecrystal,36,77,False,True
190,rock.your.soul_crystals,360,218,False,True
191,nigretta_ironside,482,403,False,False
192,sixp,43344,4042,False,True
193,reiki_rach,541,1074,False,False
194,bigfishcrystalco,74,42,False,True
195,megachicnails,1006,1080,False,False
196,serenityofcrystalslivesales,57,2,False,True
197,kwinjcrystal,1095,8,False,True
198,mariposamarbles,119,57,True,False
199,gypsysysters,2186,606,False,True
200,spiritandstonenz,3052,101,False,True
201,earth_child_crystals,573,310,False,True
202,crystalwholesalequeen,80,70,False,False
203,silky.gem,6126,1618,False,True
204,hippiegirljewelry,177,335,False,True
205,rocks.and.soul,11929,941,False,True
206,ashsplantacc,44,77,False,False
207,giselles_nails,1948,969,False,False
208,cosmic_nz,4688,1283,False,True
209,urbananimalcreations,29,46,False,True
210,harry_finds,474,144,False,False
211,thefirmcryospa_nv,761,794,False,False
212,silkbeadsjewlery,92,8,False,True
213,esquibelrocio,505,430,False,False
214,perfectcrystal01,1501,5643,False,True
215,terrafayecrystalco,181,130,False,False
216,lydiajoypalmer,2052,3059,False,True
217,spiritually_sukie,95,106,False,False
218,eternalempress,3139,2463,False,True
219,serenityofcrystals,532,567,False,True
220,luxediamondslife,1827,368,False,False
221,heartmastersf,48,81,False,False
222,seventhspiritservices,13448,5,False,True
223,nails_by_haiyen,3276,60,False,True
224,lurkinglamario,137,21,False,False
225,fourarrowsedu,1139,1973,False,True
226,cosmic_heart_creations,11,13,False,True
227,shop.crystalpine,50,156,False,True
228,intricatecrystals,42,58,False,False
229,islavistacrystals,5266,997,False,False
230,brandyscrystals3,161,118,False,True
231,coyote.flowerss._,114,283,False,False
232,petit_bouquet_,225,59,False,True
233,gemajestyjewellery,275,307,False,True
234,21buymystuff,324,2046,False,False
235,crystal_moon__,9419,653,False,True
236,bi_c_tourmaline,161,1055,False,True
237,quartzvibration,2276,420,False,True
238,pyrite_illusions,51,18,False,True
239,adularbraceletdesign,178,190,False,True
240,nucosmicearth,1028,1206,False,True
241,shivohamyogamalas,10995,613,False,True
242,gavishminerals,1359,372,False,True
243,la_vida_prana,1999,4079,False,False
244,mtnlaurelart,250,209,False,True
245,wiccad_wonders,116,162,False,False
246,seekpneuma,158,168,False,True
247,psychic_valerie21_,1164,4499,False,True
248,spiritua_lreader_advisor21,4309,7499,False,True
249,recharged_crystals,123,226,False,True
250,psychic_valerie31,4047,7444,False,True
251,lysa_fey_mooncyclewellness,774,585,False,True
252,starlisandthegalaxy,16238,324,False,False
253,majestic_art_work_19,319,1389,False,False
254,soberreiki,110,111,False,True
255,elcolibricosmico,3599,111,False,True
256,nomadwest,3642,4887,False,True
257,crystalvibezshop,2261,4501,False,True
258,spiritualxbaddies,54,51,False,True
259,twistedvinesjewelery,125,232,False,False
260,wild.moonwitch,4863,1874,False,False
261,the_witchs_crystal_steward,3721,6782,False,False
262,oliviamoray,23268,7511,False,True
263,crystallized_gem_queen,3986,1816,False,False
264,virtuouself,2039,1343,False,False
265,rootedreadings,965,1269,False,True
266,karlalise.horstmans,171,620,False,False
267,auralivingandgifts,301,58,False,True
268,minerales.rey.marques,653,127,False,True
269,reiki_gi,733,641,False,True
270,uniquegemslover,681,6244,False,True
271,whimsy_avenue,6888,5758,False,True
272,healingworld01,956,232,False,True
273,lenabear_x,1873,1501,False,False
274,little.georgia.girl,180,233,False,True
275,hillrocksllc,885,108,False,True
276,harmonics_of_the_soul,201,57,False,True
277,leonie_siciliano,55,124,False,False
278,jimherbertoutdoors,377,225,False,False
279,the_tarot_academy,50,43,False,True
280,intuitionsoilsandcandles__,1291,3810,False,True
281,louise_ctu,368,310,False,True
282,pisces__rising__,241,989,False,True
283,crystalwholesale_barbara,744,44,False,True
284,the_dabss,8,47,False,True
285,riahbymariah,360,285,False,True
286,priestess_miyah,231,896,False,False
287,the1920sstudio,171,17,False,True
288,roselightcrystals,210,24,False,False
289,popnlocket,15878,243,False,True
290,reikicrystal_crystalshop,3270,5258,False,True
291,cbeesgarden,170,427,False,True
292,natures_powerplay,455,1117,False,False
293,greengaea,1210,1075,False,True
294,yourdoseofsoul,567,478,False,True
295,theslimmingprimaryteacher,460,263,False,False
296,shadowandtheroses,326,1455,False,False
297,toprockcrystalsshop,414,604,False,True
298,gemoholics.tkm,138,97,False,True
299,hawaiicrystalvibes_,989,1789,False,True
300,shootingeross,57,40,False,True
301,vintagerosejewelers.co,175,56,False,True
302,stellarnomad,84,72,False,True
303,happy_handcrafts_by_ali,412,757,False,False
304,thecottagecorestudio,87,44,False,True
305,spaderthefool,1932,3047,False,False
306,abalone.crystals,58,43,False,True
307,crystalegarden,2179,6092,False,True
308,fullmoon_waters,133,292,False,True
309,brilliantmoonjewelry,15,6,False,True
310,bigwolfenergy,18,20,False,False
311,throwdeco,190,279,False,False
312,purpleeclipse11,56,47,False,True
313,panda_crystals_store,993,1473,False,True
314,mirascrystals,889,237,False,False
315,dark.moon.divinations,162,45,False,True
316,themilkbarcandleco,480,54,False,True
317,gemandpebble,2469,2557,False,True
318,jasperandcocrystals,1279,389,False,True
319,boujee_betties,4925,3923,False,True
320,manawamoments,89,113,False,True
321,scorpius.crystals,1629,1444,False,False
322,teja.aditia,1887,4213,False,True
323,thecrystal_journal,2468,682,False,True
324,beadedbycece_,28,12,False,True
325,adropofvirtues,123,82,False,True
326,sammys_acces,127,31,False,True
327,twistedupwraps,16170,937,False,False
328,nightbirdenchanted,1407,1964,True,False
329,amare_by_en,347,188,False,True
330,julian.rebelo,1325,2232,False,False
331,wildheartcrystals,9416,1999,False,True
332,tinydancer_crystalco,1089,883,False,True
333,love.by.libby,249,230,False,True
334,sandraphaelhealing444,2951,1909,False,True
335,merelanidesigns,4841,473,False,True
336,serenityscents2650,375,321,False,True
337,bunniesonfire_wa1,1071,1466,False,False
338,shoplamansi,9934,481,False,False
339,crystallinecurrentsbysj,111,160,False,False
340,the.poisonxd.collection_,720,1349,False,True
341,psychicbianca.az,406,2428,False,True
342,brushesxbrujas,103,71,False,False
343,gems_hub_1,134,979,False,False
344,jia_crystal.wholesale,8782,6615,False,True
345,crystals_wearhouse,278,881,False,True
346,myessentialplanet,457444,7015,False,False
347,open.stone,91,304,False,True
348,shwasam.crystals,7988,60,False,True
349,aquaticauras,77,312,False,False
350,castle.gems,1028,1780,False,True
351,quality_afg,21816,7291,False,True
352,goddesscrystalsshop,192,44,False,True
353,mystic_and_magick,2676,2045,False,True
354,glitter_and_moore,5284,618,False,True
355,charismacrystals,3076,1768,False,True
356,candles.and.tarot.addiction,1100,177,False,True
357,psycho_textual,144,807,False,False
358,osiris_and_isis_the_twins,351,210,False,True
359,huggytherockguy,333,259,False,False
360,fqscrystals,4776,2878,False,True
361,hellosoulscrystals,2544,404,False,False
362,jia_crystals,895,4225,False,True
363,healingqueen_,4467,642,False,True
364,tigergemstones,121831,141,False,True
365,splendidgems_crystals,1619,1228,False,False
366,healingg_crystalss,55,71,False,False
367,inharmonydesigns_,245,115,False,True
368,lumicrescent_,142,971,False,True
369,hermanascosmicas,330,246,False,False
370,onyxandiris,1400,3904,False,False
371,alleyabyher,256,2,False,True
372,t0xicpurp1e,1015,2905,False,False
373,thecafegemini,539,318,False,False
374,empressinthemoon,1360,336,False,False
375,hearthwisdom,2933,932,False,True
376,good_crystal_john,10,21,False,False
377,perfectlybalancedsoul,332,616,False,True
378,wavylovemotion,250,383,False,False
379,ebonilewis1779,509,813,False,True
380,arcane.and.co,7448,690,False,True
381,artcatcreations,3763,7503,False,True
382,the_graceful_moon,125,72,False,True
383,laneys.jewelry,294,254,False,True
384,indigorosereiki,218,105,False,True
385,azka.tsania_12,543,3016,False,True
386,vogskincarestudio,1330,908,False,True
387,moonlitcreations_bysoph,546,293,False,False
388,crystal.wholesale.yang,282,170,False,True
389,dope.ahontasdesigns,1431,803,False,True
390,loawithholly,797,595,False,False
391,goldcountry_crystals,628,330,False,True
392,herrington.life,579,673,False,True
393,contempocrystals,18168,399,False,True
394,aokspecialtygifts,556,475,False,True
395,her_crystals,2730,305,False,False
396,rachelpointsreadings,144,199,False,False
397,handmadecreationsbyl,116,36,False,True
398,crystal_worship,9,13,False,False
399,mewscollector,126,57,False,False
400,ibotanicz,375,796,False,True
401,shoploveandcrystals,13387,7413,False,True
402,untetheredcrystals,6681,5542,False,True
403,dollrarecrystal_shop_art,1974,6942,False,True
404,treasuresofearthau,11538,878,False,True
405,goodwitchoftheeastcoast,325,260,False,True
406,themysticgrove,1460,433,False,True
407,jasart94,589,1094,False,True
408,dancingwolfcrystals,100,108,False,False
409,halfmoonbaehealing,12190,888,False,True
410,starseedclt,1515,1835,False,True
411,gemsdesignscebu,2114,242,False,True
412,favielwaters,9,7,False,False
413,marcoolabeads,791,29,False,True
414,lawnreiki,120,132,False,True
415,crystal.creatrix,1872,1591,False,False
416,goldtimeswatches,44,24,False,True
417,shanicealchemy,794,858,False,False
418,cannaco_collections,88,0,False,True
419,kenya_gemstones,56,95,False,True
420,scottlaureano.sl,15,19,False,False
421,crystalhighs,72,15,False,True
422,natscraftshop,270,154,False,False
423,crystal_wholesale_jav,110,234,False,True
424,crystaleyesapp,1624,26,False,True
425,motherearthequalsme,1926,898,False,False
426,magpiemystics,171,126,False,False
427,null.jewelry,3019,7404,False,False
428,crystals.com,19019,157,False,True
429,smiling_face_crystal,2449,6803,False,True
430,karavanala,1455,1007,False,True
431,sunlitcreationz,6686,153,False,True
432,flshb16,144,371,False,False
433,roughgems_crystal,1710,979,False,True
434,kindredwitchshop,1334,1233,False,True
435,the.crystalalignment,16,16,False,False
436,tarotbynea,143,216,False,True
437,klaudyy__,322,96,False,False
438,stoned.and.co_,105,7,False,True
439,m3ssyvarnish_,4460,1690,False,True
440,karl_eikrem,706,78,False,False
441,gem.tours,394,398,False,True
442,wolfandfable,5952,1563,False,True
443,jnjgemstones,16714,7156,False,True
444,moonstonecircle,841,30,False,True
445,cowsandcrystalsllc,576,476,False,True
446,blowingondandelionshop,311,207,False,True
447,kenyacbuckley,85,124,False,False
448,psychicreadings_1,3276,7503,False,False
449,pretlandcom,4337,408,False,True
450,newintentionsenergy,211,134,False,True
451,mineraliamx,11242,502,False,True
452,jasminejelsema,1148,1166,False,True
453,soapy_suds_n_candle,544,1716,False,True
454,charlizecosmeticsx,3573,2336,False,True
455,cassidyreviewz,631,320,False,False
456,bodysoulherbs,2845,612,False,True
457,elleandzeinedesigns,10407,7375,False,True
458,mintakallc,2404,320,False,True
459,crystalworksaustin,6200,137,False,True
460,anakedesigns,885,262,False,True
461,lunacrystalsonline,17,46,False,True
462,kingsjewellerschilliwack,470,158,False,False
463,fordminerals,13282,406,False,True
464,aquariusmermaidhealer,15,42,False,True
465,just_bling_jewelry,6702,5057,False,True
466,minerales.antofagasta,8722,7374,False,True
467,crystalphaseshop,78551,209,False,True
468,madeinearthofficial,6316,522,False,True
469,mine.favorittverk,109,341,False,False
470,mineral_vault,1039,374,False,False
471,soulducate,427,449,False,True
472,nlshops,1723,2538,False,True
473,moonchild_celestial_creations,750,872,False,True
474,miaalilliann,137,172,False,False
475,fine_paprok_crystals,14435,6035,False,True
476,raihan_gems__minerals_traders,3306,7499,False,True
477,treasure_of_crystals,1168,2709,False,True
478,mysticdreamlasvegas,714,563,False,True
479,vortex_jewels,161,901,False,True
480,foodforthesoulnz,2977,241,False,True
481,purplemoonesthetics,148,697,False,False
482,crystalclarity,824,2162,False,True
483,sherryscrystals,1313,321,False,True
484,crystalclearmermaid,118,10,False,True
485,ajanecosmetics,743,1083,False,True
486,iriehawaii,8443,3832,False,False
487,sugraethefirst,46,142,True,False
488,basicwitchcrystalco,44,20,False,True
489,cows2007,62,69,False,False
490,hestia_cuarzos,2678,161,False,True
491,shafinaakram,490,144,False,True
492,avery_a_gregory,12233,683,False,True
493,shellscrystals,3824,964,False,False
494,cosmicdreamsapothecary,868,608,False,True
495,spiritbodybliss,13861,626,False,True
496,es.gems_gallery,660,1326,False,True
497,treasurestonebeads,7023,6846,False,True
498,7rubyreign8,14,5,False,False
499,almavisuda,780,510,False,True
500,generationzen.nz,56,228,False,True
501,homeoftao,20,0,False,True
502,nightcourtcrystals,47,27,False,False
503,blessedandabundanthealing,418,606,False,True
504,krvstinescrystals,2060,698,False,True
505,3rd_house_designs,2582,1582,False,True
506,spiritual_advisor777,99,231,False,True
507,__serenity__scents__,22,7,False,True
508,trochut,102673,3821,False,False
509,t420stelios,1597,4327,False,False
510,emerald_orgone,490,750,False,True
511,jaemmdesigns,49,1,False,True
512,enigmaticcelestials,1950,1134,False,True
513,earthcandy1,52,1,False,True
514,euphoriagems_bn,333,1,False,True
515,soulonglow,720,250,False,True
516,crystalline_forest,75,41,False,False
517,allforabetteryou,1518,2562,False,False
518,studiomineralia,15604,1326,False,True
519,starseederin,19950,1934,False,False
520,luckyjupiteretsy,28,24,False,True
521,clementinescrystalco,53,13,False,True
522,ladyalchemy13,2672,2630,False,True
523,earthboycrystals,339,357,False,True
524,revivalofvenus,254,101,False,True
525,healandbeautifyyourself,65,42,False,False
526,ppeachycrystals,111,415,False,False
527,coastline_holistichealing,338,644,False,True
528,amsy_creations,417,85,False,True
529,velvetnevermind,2889,1188,False,False
530,nelmes_naturalliving,787,773,False,True
531,leottodesigns,1278,674,False,True
532,stonesoftransformation11,2926,446,False,True
533,soulyrootedboutique,548,306,False,True
534,crystallized.242,636,1133,False,True
535,chealsyoursoul,130,49,False,True
536,olsenromanoestateagents,2229,1038,False,True
537,lizardqueensoapery,915,402,False,True
538,sacredwraps,1049,492,False,True
539,808crystallove,5575,7150,False,True
540,kaitlins.crystals,55,34,False,True
541,airys_crystal,56,206,False,True
542,joharisshoppe,1419,350,False,True
543,juliascelestialcreations,782,283,False,False
544,crystaljewelry.aiden,1621,7225,False,False
545,aleajb,3522,4897,False,False
546,puntoceromx_,481,173,False,False
547,puritycrystals,4906,133,False,True
548,the.lavender.lotus,389,79,False,True
549,peculiarpswitchery,61,125,False,False
550,crystalline.collection,146,54,False,True
551,krystal_made_,6064,429,False,True
552,spiritandsoulstudio,1788,3,False,True
553,juicy_juice_gems,652,447,False,True
554,oove420,393,381,False,False
555,thehairloss_mumma,2182,961,False,False
556,ashe_energy_crystals_,507,870,False,False
557,bulletsandpearlss,3191,917,False,True
558,ocean_fern,752,994,False,True
559,gems.rock600,3164,7038,False,True
560,thirdsecret,715,686,False,False
561,padillabeauty_,2119,1396,False,True
562,macrame_artesanal,17838,560,False,False
563,spookyhippy_,8,58,False,False
564,wasim_ali_gems,66,8,False,True
565,lunastarcrystals,4460,666,False,True
566,fruitsandflowersjewelry,17,3,False,False
567,elysianalchemy,12247,1659,False,False
568,gypsyhealingstones,67,47,False,False
569,kaylashandmadecrystalcreations,142,148,False,True
570,misnow17wassermann,852,145,False,True
571,mytyme2heal,172,249,False,True
572,beautybyzarinaa,6731,426,False,False
573,ellenscrystalapothecary,60,11,False,True
574,fiona_bastian_designs,494,310,False,False
575,angelicvibes555,5129,61,False,False
576,created_bytina,60,41,False,False
577,chaiscrystalcloset,440,158,False,True
578,candelixir,36,14,False,True
579,sunset_crystalz,166,52,False,True
580,tasteo_elizabeth,2332,1233,False,False
581,aveart.gdynia,1996,618,False,True
582,kellyrocksandminerals,3282,3543,False,True
583,amys.crystal.creations,3604,1227,False,True
584,gardening_greenwitch,93,36,False,False
585,curiositycabinet,153,114,False,True
586,housingmousing,1440,1542,False,True
587,nova.luna.jewelry,528,23,False,True
588,times_register,949,61,False,True
589,fairyeyecrystalshop,10476,474,False,True
590,crystalsrockshop_,1104,2477,False,True
591,bucknakedapothecary,128,41,False,False
592,leo.shifts,573,479,False,True
593,highvibebeautyxx,597,2178,False,True
594,juicygemporium,1953,439,False,True
595,crystals.by.bec,218,246,False,False
596,crystalangel2319,2,8,False,True
597,greengemcompany,7315,433,False,True
598,naturlstones,2106,3295,False,True
599,kingsjewelrystudio,74,240,False,True
600,tina_lightbody,414,416,False,False
601,meadowscrystals,13669,106,False,True
602,hazel_330,1032,5559,False,False
603,gem_of_dreams,895,3391,False,False
604,thebohemiannation,2404,1804,False,False
605,ailsawalter,321,50,False,False
606,sohjunails,1005,530,False,True
607,mysticeyepsychic,3442,5189,False,True
608,thedriftphase,8,13,False,True
609,alienyogi,1710,798,False,True
610,we.byduda,2780,763,False,False
611,activelifeforce,311,246,False,False
612,rockygems,6607,6775,False,False
613,sunandmoon_jewelryco,203,193,False,True
614,petalsfromablackrose,1963,936,False,True
615,mystic_connections,2137,33,False,True
616,little_miss_eccentric,101,35,False,True
617,osp_network,3560,5004,False,True
618,gangsta_wrapz,6350,1489,False,False
619,spirithorsecollective,208,85,False,True
620,sheer.jewerly,2,0,False,False
621,thearmouroflove,49,56,False,True
622,outtaspacecrystals,4256,1120,False,False
623,mmstainlesssteel,766,338,False,True
624,moonmineralsau,266,243,False,True
625,blessingsandlight_,116,60,False,True
626,vivaciousdesigstudio,347,864,False,True
627,zulibogin,2610,1350,False,False
628,yintentionalv,320,195,False,False
629,my_crystal_gems,58,15,False,True
630,twostonedbirds_jewelry,185,89,False,True
631,treasuresbytayylor,2088,1033,False,True
632,celestifff,831,210,False,False
633,natural_glitters,6344,816,False,True
634,tr3s.ojos,1344,912,False,True
635,saltspringcrystals,288,133,False,True
636,kryptics.krystals,79,17,False,True
637,ukfractalring,61,22,False,True
638,top.rosecuts,4259,6685,False,True
639,threesevenattractions,316,425,False,False
640,amrockshop,160,169,False,True
641,kickrockss_tc,26,32,False,True
642,whitebotanic.co,179,190,False,True
643,thecrystalavenueau,7622,332,False,False
644,earth.mystical.force,3062,802,False,True
645,kookiedreamz95,108,177,False,False
646,greenwitchwrapping,17947,289,False,True
647,gaiacrystalsnic,62,16,False,True
648,shoprebirthjewelry,25208,328,False,True
649,fairyglowgems,10346,318,False,False
650,trendywitches,47990,7502,False,True
651,fairybaguette,58566,403,False,True
652,katrinascrystalcreations,11912,35,False,True
653,mothergoddessdesign,5533,440,False,True
654,crystelles.co,2327,704,False,True
655,knotty_andnice,1499,441,False,False
656,arakunecreations,6418,900,False,True
657,little.groovy.creations,344,245,False,False
658,crystal_wholesale_vince,802,1579,False,True
659,luccidliving,842,1103,False,True
660,jazlinn_jewelry_,222,134,False,True
661,kosmik.exchange,97,112,False,False
662,crystal_wholesale_wilson,479,680,False,True
663,intuitivemegan,307,389,False,False
664,ananas_crystals_wholesale,6490,1590,False,True
665,overthemoon_crafts,177,243,False,False
666,devan_samudra,178,644,False,True
667,therockandsoulboutique,995,335,False,True
668,thecoffeebeanshop.etsy,265,346,False,False
669,pyritepirate_chan,1243,429,False,False
670,flash.crystals,10262,6798,False,True
671,ghoul.metal.alchemisst,802,73,False,False
672,superbloomin,2080,207,False,False
673,thesoulshop.co,526,105,False,True
674,moon.siren.treasures,297,56,False,False
675,kaseyskeepsakes,1000,700,False,True
676,creationsthatrock,160,24,False,False
677,aprilhudak,241,206,False,True
678,suksmacrystals,1208,76,False,True
679,hear_crystals_happy,7012,3595,False,True
680,terralune.crystal,319,181,False,True
681,rosidah.crystal,568,2837,False,True
682,creiddyladgrena,1978,5377,False,True
683,jessicachallis,309,532,False,False
684,mineralharbor,5889,7500,False,True
685,cybersunjewels,58,16,False,True
686,sophie_crystal_designs,151,246,False,True
687,lauraxiao3850,255,234,False,True
688,butfirstcrystals,10728,2118,False,True
689,natural.crystal.designs,2226,525,False,True
690,red_lotus_yoga,1019,374,False,True
691,fixie_pixie_,104,104,False,False
692,munchie_innerg,1439,1955,False,False
693,exquisite_crystal_,78,143,False,False
694,sunardi8016,971,1157,False,False
695,solarttt_,568,753,False,False
696,aetherbymaddie,430,26,False,False
697,woundedhealingart,5683,2516,False,True
698,c.bradfield.design,11289,319,False,True
699,liv_stonez,1654,157,False,False
700,queennefertitixo,940,1646,False,True
701,stcks.stns,15250,4077,False,True
702,iamthehealinghippe,1726,789,False,False
703,mandees_world,238,239,False,True
704,mystiquebeauty3,1671,2479,False,False
705,britt_the_wrapper,912,147,False,True
706,charmedlifeysayason,17660,495,False,True
707,aurasbynelina,12383,231,False,True
708,whole_sale_crystals,1160,2472,False,True
709,bohomoonchildjewelry,52024,329,False,True
710,jj_stone_shop,2564,7481,False,True
711,auliajasmin81,695,1374,False,False
712,sweeterthinggs,688,78,False,True
713,seagypsycollection,16816,7183,False,True
714,cj.jewelry_,199,161,False,True
715,shoproxjewelry,40,75,False,True
716,nyta_alexus,1609,1039,False,True
717,earthbabecreations,652,595,False,False
718,twisted_vida,1283,676,False,True
719,soulgratefulstudio,329,148,False,False
720,thewackywanderers,1278,1808,False,True
721,hebigems,159,30,False,True
722,kaylynbrians,1111,3173,False,False
723,zakiah_maybebby,6134,6820,False,True
724,belizbeautybrand,2720,3410,False,True
725,magpieminddesigns,2167,337,False,True
726,labradoritewolf.jewelry,335,70,False,True
727,lulusstampings,6376,1695,False,False
728,bijoubelle_crystal,36,12,False,True
729,turixcrystals,7576,1918,False,True
730,free.bird.jewelry,361,405,False,True
731,gabimannella,18150,2849,False,True
732,oaknearthjewelry,191,137,False,True
733,foxtailsalon_andboutique,1121,308,False,True
734,merfolkjewels,3507,1018,False,True
735,sukishimashop,257,360,False,True
736,aswad_naeem,225,304,False,False
737,concentric_jewelry,1303,569,False,True
738,678gprotection,447,12,False,True
739,appalachianmakerscollective,250,117,False,False
740,undercrystalsmoon,904,305,False,True
741,gtbaessentials,26,21,False,True
742,nox.ceur,104,311,False,False
743,mommymooncreations,768,569,True,False
744,deep.sea.gypsy,1488,109,False,True
745,moonveilcrystals,66824,1952,False,True
746,_happybeadz_,20006,60,False,True
747,euradz_crystal_seller,272,1173,False,False
748,urbangaiacrystals,222,153,False,True
749,michmoonstudio,1271,243,False,True
750,creationsfromelsewhere,78,121,False,False
751,distorted.angels,21575,318,False,True
752,healingdesignlv,176,79,False,True
753,willowandjuniperdesigns,77,52,False,True
754,jewelryfourchange,3465,7353,False,True
755,scuddersdepartmentstore,100,96,False,True
756,therealarulu,717,1673,False,False
757,ebolcrystals,1053,6610,False,True
758,creations_by_lil_,259,252,False,True
759,maliascrystals,410,179,False,True
760,saltandhunny8,6355,5019,False,True
761,isabellesuniquecraft,123,126,False,False
762,madeinearthusa,502,126,False,True
763,supreme_jewelz,400,675,False,True
764,elysianbydesignco,129,91,False,False
765,sinisterly_twisted,490,250,False,True
766,crystalsomchakras,51569,5739,False,False
767,pieceofcake.lovehandmade,95,93,False,False
768,crystaladdict.co,723,3054,False,True
769,sunshinescrystals,5216,2434,False,True
770,dreamlandmarkett,1086,965,False,True
771,shopcrystallyfe,660,768,False,True
772,yaemisanime_krystals,756,12,False,False
773,3cccx2,554,770,False,False
774,earthtoned.co_,177,117,False,True
775,crescentmoongems,48,30,False,True
776,mindfully.creatinglove,681,778,False,False
777,blessedbycharlesscott,11862,3715,False,True
778,jewelsbuyjenny,4572,157,False,False
779,susanankersen,1056,709,False,False
780,artefact.jewelryco,125,86,False,False
781,laluna_divine,68,136,False,True
782,jewelrybyhavvah,226,188,False,False
783,thecalliopeco,73,64,False,True
784,alanadouvros,8132,1977,False,True
785,lasheslazuli,37,65,False,True
786,blackraincovenllc,655,29,False,True
787,sirius_bees_gifts,134,94,False,True
788,altdarlingco,376,154,False,True
789,alternativedistribution,2032,124,False,True
790,bluebirdboutiquenj,189,170,False,True
791,crystalgemcollector__,101,3,False,False
792,dgcopper_arts,200,626,False,False
793,blackmadonnajuju,11350,778,False,True
794,ilovechakra,5417,2209,False,True
795,fromearthtoartgoods,17789,2868,False,True
796,linahernandezjewelry,24410,5126,False,True
797,crystalsking111,41,79,False,True
798,wirewrapsbygenevieve,169,256,False,False
799,theblacklandsgallery,466,985,False,False
800,waistbeadsbywhitni,75,61,False,True
801,crystal.lune,45779,3210,False,True
802,mansa_abuchi16,421,900,False,False
803,followyourblissessentials,640,479,False,True
804,jewelsbysai,36433,197,False,True
805,vibemadenyc,2595,2877,False,True
806,fettlebelle,13623,6715,False,True
807,chakracali,156,98,False,True
808,aestheticappealjewelry,1949,756,False,True
809,moondancecharms,64,336,False,True
810,flowerfoxgenetics,225,672,False,False
811,crystalpinehealingandholistics,444,51,False,True
812,me_and_u_designs,451,85,False,True
813,crystal.islands,4628,198,False,True
814,celestialartgifts,341,370,False,True
815,japamalanatal,797,1198,False,False
816,lelereis,5733,3358,False,False
817,magicmadecrystals,1412,660,False,False
818,pathway2crystals,109,7,False,False
819,arianna_mazariegos,1995,335,False,False
820,angelbrii_soulshop,1927,66,False,True
821,goldenjewels222,541,852,False,False
822,calmingcreations.inc,3924,3103,False,False
823,crystals_bycass,409,323,False,True
824,crystal_network_shop,993,5319,False,True
825,crystalsdot,2715,5842,False,True
826,moonstone.cancun,1221,134,False,False
827,shopearthangelz,1933,156,False,True
828,solsearchercreations,1636,414,False,True
829,chinoortiz_mysticmichiganco,835,1551,False,False
830,egoic_jewelry,1117,1200,False,True
831,treeoflifesoulstones,1433,80,False,True
832,kati.capricorn,275,434,False,False
833,theelabel.b,1236,75,False,True
834,littleshopoflight,1634,117,False,True
835,pure_intentions_paris,285,478,False,False
836,soul.sister.tribex3,680,764,False,False
837,platanzadesign,1283,1532,False,True
838,glamadea.ro,45273,2137,False,True
839,mysticalfairygarden,117,64,False,False
840,cyncoras.crystals,1145,451,False,False
841,eternalsvnshinee,356,260,False,False
842,plumeriagems,6089,60,False,True
843,hasbi_suhaidi_faiz,2661,7480,False,False
844,stonegoddess1,1613,1282,False,True
845,ranggaseller,180,1687,False,True
846,geminimoonapothecary,2521,999,False,True
847,dl_crystal_jewelry,5274,1264,False,True
848,atimeforkarma,3779,21,False,True
849,ashleyrosedesigns2021,622,251,False,False
850,sacredglam,10496,6872,False,True
851,floweraura_wrapss,16885,2353,False,True
852,healing.crystals.co,1084,3735,False,True
853,_ontheroadshoppe,133,347,False,True
854,forest.realm,16850,1268,False,True
855,jbcrystalsandgems,2124,2032,False,True
856,crystal_gemstone1,1606,3736,False,True
857,crimsonmooncrystals,1456,1492,False,False
858,dreamy.creations.co,1143,867,False,True
859,creole_charm,1739,387,False,True
860,musa.luna,23452,253,False,True
861,silvereye_gemstones_nz,95,57,False,True
862,crystalsinathens,10548,108,False,True
863,crystalsbybri,215,243,False,True
864,psychicgoddess.1,129,24,False,False
865,jroxx_jewelry,710,354,False,False
866,starheartamc,388,545,False,True
867,honeydubois445,88,73,False,False
868,bloomcrystals,13481,321,False,True
869,beadsbytaylorus,717,1081,False,True
870,divinestreasureboxllc,655,600,False,True
871,purlifeus,10348,4586,False,True
872,labradorite_stone_shop,1617,6693,False,False
873,cobwebs_teacakes,402,339,False,True
874,kikocreations_,457,367,False,True
875,luna_and_grace,3833,6589,False,True
876,mystiksisters,1167,30,False,True
877,jamierye.wellness,1447,986,False,True
878,whimsicalwindings,107,68,False,False
879,beaninfinitewarrior,3701,3456,False,True
880,meedjill,2582,2732,False,True
881,the_rocks_company1,8115,7499,False,True
882,thewhimsy.crystalshop,119295,3992,False,True
883,mystical_creations__,441,31,False,True
884,topnotch_gem,46,53,False,True
885,mountaingrovejewelry,555,224,False,True
886,k2_stonewalker,1695,7494,False,True
887,glorydays_33,395,255,False,True
888,dubaduwariwaristore,67,340,False,True
889,latricemelanie,1211,1435,False,True
890,crystalchic.jpg,245,129,False,False
891,sabikajewelry2020,199,404,False,True
892,chiarainbloom,7062,841,False,True
893,febbstone,3196,6731,False,True
894,modified_elements,855,1854,False,True
895,angiescraftingco,69,66,False,True
896,thelucidcauldron,411,1436,False,False
897,buena_vibras1111,1615,641,False,False
898,dishaarts_jewellery,2996,4302,False,True
899,spacesofpeace,850,1096,False,True
900,andrycoben_,1506,5041,False,True
901,marislovingcrystals,358,208,False,True
902,gypsywitchcreations,227,202,False,False
903,crystal_shelf,407,232,False,False
904,debs_glad_stones,1111,803,False,True
905,wildmotherwellness_,232,248,False,False
906,second_sale_consignments,2211,2195,False,True
907,lfemetaphysical,160,128,False,True
908,glamlatte,46959,1149,False,True
909,iris___jewels,1131,21,False,True
910,crystal_wholesaler_jack_33,1144,53,False,True
911,haseeb_facets,74,899,False,True
912,harmonyjewellery.mind,1295,697,False,True
913,lelereisjewelry,1229,422,False,True
914,earthlyindigo,31387,944,False,True
915,crystals.crystals.earthchild,1568,373,False,True
916,eosanderos,775,208,False,False
917,theholymammoth,251,170,False,True
918,scorpiosm00n,1989,785,False,False
919,the.crystal.liger,123,130,False,True
920,crystalconnectionnc,2220,494,False,True
921,crystalray_boutique,246,299,False,True
922,healinggifts444,269,320,False,True
923,ourwalkinclosetconsignment,2082,968,False,True
924,annamaeminerals,3952,276,False,True
925,cabincreekcrystalssantamonica,668,265,False,True
926,s.a_amassment,8827,190,False,True
927,soulstarhoney,1350,1330,False,True
928,fantacelah,24125,2459,False,True
929,aliasoulistics,443,189,False,False
930,madebymel.mbm,2039,932,False,True
931,goddess_of_earth_creations,96,41,False,False
932,sunkissedjewelssg,1087,4587,False,True
933,thevirgodiary_jewelry,757,1963,False,True
934,smooshoii,5516,118,False,True
935,mianga.handmade,157,117,False,True
936,shiningspiritcrafts,137,248,False,False
937,moongemandco,84,35,False,True
938,whitefeathercrystal,365,366,False,True
939,cinnamon_and_sage_witch,282,790,False,True
940,lavishjewelss,8237,90,False,True
941,powerpeacejewels,338,130,False,True
942,shopsunshrine,525,704,False,True
943,sixtinacrystalqueen777,8613,1112,False,False
944,handmade.by.molly,573,450,False,True
945,selmaflow,3342,616,False,True
946,the_technicolor_auction_house,1561,818,False,True
947,besohum_gems,4432,833,False,False
948,magick_alchemy,78935,682,False,False
949,n.j.p.productions,694,548,False,True
950,willowrose.design,2221,1617,False,False
951,svea._design,68,43,False,True
952,bonearrow_,10555,643,False,True
953,hadinblues,2495,7460,False,True
954,nanis_crystals,1270,772,False,True
955,the_crystal_witch_candles,3915,1035,False,True
956,creationsbycaryssa,106812,910,False,True
957,teigandraig,312,94,False,True
958,hamza_gems_,2660,6837,False,True
959,lassietehermanas,1257,421,False,True
960,varienzaofficial,1541,4,False,True
961,unit.sacrifice.backup,102,308,False,True
962,witchsisterjewelry,276,135,False,False
963,brokenmoon_creations,588,811,False,False
964,uncommonfox,40187,1482,False,True
965,danibarbe,37366,4759,False,False
966,saltcaveofperrysburg,823,39,False,True
967,dogal_tasdiyari,2653,911,False,True
968,quinnslittlecrystalshop,57,28,False,False
969,lulamaydesign,1536,1323,False,True
970,growingmagicvibes,418,124,False,False
971,gypsylovegems,3821,672,False,False
972,adriannabydesign,2711,1367,False,True
973,medinagemz,70,32,False,False
974,smokymountainrelicroom,2915,4025,False,True
975,craftaestheticsca,1341,29,False,True
976,vespermoth,72803,39,False,True
977,moondropmetaphysicalshop,262,359,False,True
978,enchantedmaine,5791,1753,False,True
979,thecrookedpath_la,8655,949,False,True
980,fairylightjewels,44,28,False,False
981,etherealvaluables,189,66,False,True
982,earthscrystalsandcreations,610,178,False,True
983,nitajewelry7,928,3978,False,False
984,robinneggs_shop,265,650,False,True
985,enigma_piercingwithnina,913,783,False,True
986,vintageventuresshop,389,328,False,True
987,selycrystal12,981,4316,False,True
988,nightshadeores,11,3,False,False
989,thebrew.spirittea,871,33,False,True
990,ighcrystals,1132,1060,False,True
991,sepulchrajewelry,1309,996,False,True
992,cozmic_lillithcreationz,1468,385,False,False
993,classiccrystalz,713,101,False,True
994,wholeheartedstore,8297,2166,False,True
995,gersemisjewelry,530,493,False,True
996,mpv_stones,644,439,False,True
997,gemstone.mineral,2657,6204,False,True
998,freedomseeker.creations,723,1156,False,True
999,sentimentalgems,1791,2887,False,True
1000,mayasringshop,4681,519,False,True
1001,crystalizedtreasures,422,349,False,True
1002,queen_crystals.snow,503,3009,False,True
1003,amanda_marcucci,16392,1054,False,True
1004,gemstone_candice,962,1455,False,True
1005,nvisionbynicolefoos,654,419,False,True
1006,almero_ansell_seller,1813,1632,False,True
1007,helenpjewelry,3542,888,False,True
1008,camwraps,743,433,False,False
1009,nicolemfoos,1605,7485,False,False
1010,ameliahopee,1094,897,False,False
1011,natureentwined,138,85,False,True
1012,sierra.fairy.creations,95,131,False,True
1013,manakintaylor77,449,2224,False,False
1014,davidtaylor1977,823,5092,False,False
1015,wholesaler_of_crystals,762,5631,False,True
1016,soniabhatt__,929,979,False,False
1017,tamhandmadejewelry,590,143,False,False
1018,simon.rybans,496,780,False,False
1019,acengab077,977,2305,False,True
1020,sage_n_swag,111,508,False,True
1021,distorted_metal,1064,2345,False,True
1022,plant.witchcraft,794,614,False,True
1023,natural_oils_and_butters_12,215,121,False,True
1024,shop.hermeias,80,92,False,True
1025,the_dope_stone_company,1474,1362,False,True
1026,stoned.gh,577,1290,False,False
1027,royal.crown.nmk,4561,50,False,True
1028,ritzycreates,1920,454,False,True
1029,stronghealing_,190,117,False,False
1030,amyrusselltaylorjewellery,9755,1372,False,True
1031,simply.wickedd,398,358,False,True
1032,raven_witchyshop,536,596,False,True
1033,petitesorcierestudio,139,52,False,True
1034,hannikojewelry,2,0,False,True
1035,gemandpoint,8351,960,False,True
1036,coynescrystals,2648,547,False,True
1037,oceanoflovereiki,195,547,False,False
1038,thegemstoneportal,1322,650,False,True
1039,abra.agora.designs,482,253,False,True
1040,briana_crystals,728,1701,False,True
1041,9thofautumnshop,887,147,False,True
1042,khumeiageometry,13452,944,False,True
1043,irizajewellery,261,463,False,False
1044,roxanroll_hand_created,1120,960,False,False
1045,jewelrydesignsbynikki,319,141,False,True
1046,carolblakc,5749,301,False,False
1047,amazing_gemstones,293,90,False,False
1048,kylas_art_boutique,1083,603,False,True
1049,namasteorganicspa,963,322,False,True
1050,shellaastones,26,193,False,False
1051,moonglowhavenjewelry,324,432,False,False
1052,hadyncolellapottery,9740,350,False,False
1053,kwyn_art,174,169,False,False
1054,circles.crystalcorner,96,42,False,True
1055,shoplilydawn,1981,1476,False,True
1056,brb.artesanato.urbano,1193,6673,False,True
1057,amaryllis_jewelry,787,29,False,True
1058,moldavitemontreal,2012,10,False,True
1059,crystal_stone1506,711,3514,False,True
1060,gypsumandjasper,131,63,False,False
1061,sugarandspice_jewellery,1336,1292,False,True
1062,gemworldonline,1500,2153,False,True
1063,splended_stones,382,2226,False,True
1064,ilovecrystella,5367,805,False,True
1065,jewelofnirvana,153,0,False,True
1066,theintentiongoddessjewelry,450,317,False,True
1067,iamindfulgifts,289,1260,False,True
1068,mywhitemagic,345,110,False,True
1069,rosequartzrelics,17237,333,False,True
1070,divinecrystalgems,1493,631,False,False
1071,cuprumjewelrybycoco,399,483,False,True
1072,wiz_gemstones,2181,3717,False,True
1073,dicky_adistia,1017,2018,False,True
1074,brooklynslittleshopofauras,251,205,False,True
1075,earthandfire.indy,1120,1045,False,True
1076,elekeatsjewelry,15908,987,False,True
1077,littlelemuria.beyond,28250,348,False,True
1078,strawberriesinspace,2147,444,False,True
1079,simplymilliestudio,885,284,False,True
1080,rcjcreates,235,364,False,False
1081,srjewelleryni,351,345,False,False
1082,murkzdesign,801,12,False,True
1083,doctr.witch,3997,1667,False,True
1084,celestialcr333ations,40,37,False,False
1085,floating_intentions,1415,695,False,True
1086,sweetluccias,705,569,False,False
1087,valixyasudbury,681,688,False,True
1088,theriotvault,169,79,False,False
1089,_ishtara_,3786,829,False,True
1090,peaceofnaturefl,1371,441,False,False
1091,dali.collective,14,2,False,True
1092,craftedbyjita,243,206,False,True
1093,soultrip_nj,2428,2485,False,True
1094,royal_gems_treasure_traders,2543,4795,False,True
1095,solmarvida,10017,1832,False,True
1096,savannahmillerbridal,20027,588,False,True
1097,the_mala_dance,1368,832,False,False
1098,wina3676,216,2614,False,True
1099,lulu.crystal_wholesaler,780,1355,False,True
1100,bohemiangoddex,706,1833,False,True
1101,healinghandmades,128,57,False,False
1102,leightworks,3865,1108,False,True
1103,stonesandserenity,2099,892,False,False
1104,bunny.gemstone,83,688,False,True
1105,pocketstonesandpendants,134,52,False,True
1106,irasjewelry,1054,645,False,True
1107,metaphysicalmusingsexpo,91,189,False,True
1108,eternalblissed,1496,2524,False,True
1109,raised.veyebrations,11720,1161,False,False
1110,geogemstonezetsy,987,3263,False,True
1111,innerinsights888,63,153,False,True
1112,sunstonependants,66,2,False,True
1113,corvus_nest,3319,59,False,True
1114,tayler.made.designs,276,539,False,True
1115,tammy.bisco,183,184,False,False
1116,crystalline_mystery,21,13,False,True
1117,melsi_jewelry,7530,786,False,True
1118,kings.wellness,5375,1721,False,False
1119,lipstickandmagictricks,3947,4167,False,True
1120,ahkayah_wireart,162,189,False,False
1121,serenitycreatesco,104,64,False,True
1122,celestialwallflower,879,427,False,True
1123,wingedonesofficial,1134,5620,False,True
1124,xn_rockcrystal,4539,6871,False,True
1125,rockblossomcrystals,418,298,False,True
1126,art_mona_design,4611,7500,False,True
1127,natural_minerals1,682,2790,False,True
1128,sundaysjewels,1307,301,False,False
1129,thexpeoplesxtouch,480,716,False,True
1130,ndah0939,166,318,False,True
1131,crystalwholesalersxiang,3301,4189,False,True
1132,lucentellacandleco,242,94,False,True
1133,iyaniyancerystal,76,641,False,True
1134,beetlebugbeads,432,343,False,True
1135,sandruk.com_sk,936,333,False,True
1136,tays.wraps,12015,242,False,False
1137,yassy_creationsfromwithin,20,19,False,False
1138,bendthetrend.boutique_,342,250,False,False
1139,folksforfolksbg,1152,161,False,True
1140,alisannatural,292,150,False,True
1141,eunoiabyessence,864,644,False,True
1142,copper.and.shine.alchemy,1311,1638,False,True
1143,moon_and_mountain_crystals,927,1433,False,True
1144,haesalviacrystals,3864,1,False,True
1145,lmj.jewellery,656,864,False,True
1146,sunshinejewlzuk,2190,3832,False,True
1147,weaving.magick,2361,5330,False,True
1148,pranavi_collections_21,788,443,False,False
1149,tws_beauty,221,1006,False,True
1150,lavrova_tet,818,28,False,True
1151,sageandsoulcrystals_,702,146,False,True
1152,marielunefortin,1027,1116,False,True
1153,baroosh.crystaljewelry,94,29,False,False
1154,serenityoracle,12608,6777,False,True
1155,cd_beading_co,2564,1528,False,True
1156,crystals_rockdic,1343,3325,False,True
1157,imberstore,28723,662,False,True
1158,eccentricelements1,93,118,False,True
1159,shop.verticalco,221,59,False,True
1160,awareearthshop,445,215,False,False
1161,iqna_crystals,1433,7473,False,True
1162,moonlightcrystalsliverpool,5120,3244,False,True
1163,magickcollective,1191,207,False,False
1164,healing_stones_for_you,14835,509,False,True
1165,minerals555,3484,5257,False,True
1166,intentions414,18,5,False,True
1167,amandaleilanidesigns,10834,1456,False,True
1168,luna.and.liv,4247,460,False,True
1169,thegoddesscrystalcollection,808,17,False,True
1170,kalixdesigns,1027,239,False,True
1171,vintagecalicoshop,1477,3871,False,True
1172,icon_gem_stone,1361,7255,False,True
1173,katiesmonkeystuff,731,2960,False,True
1174,peachystudios_,29,149,False,True
1175,enlightenedauras,120,214,False,False
1176,stoned.designs,4167,6327,False,True
1177,redravensrocks,101,323,False,True
1178,elostreasures,146,23,False,True
1179,transcend.crystal.co,5436,157,False,True
1180,sagequartzco,150,97,False,True
1181,enchantedgardengb,420,360,False,True
1182,peaches_wellness,401,202,False,False
1183,dividedmindshoppe,2564,11,False,True
1184,vixyfae,79,147,False,False
1185,youarethegurushop,464,418,False,True
1186,chargedxsun,918,453,False,False
1187,sunvo_mineral,223,234,False,True
1188,themoonshinestore,2104,275,False,True
1189,midnightwillow.handmade,730,1697,False,False
1190,_marlyia_,1357,1009,False,True
1191,orgonevalley,3441,2536,False,True
1192,tribaltrendz_jewellery,5615,217,False,True
1193,melodicworks,565,366,False,False
1194,chenggemstone07,136,1085,False,True
1195,anorias_treasures,463,14,False,True
1196,bria.sofia.716,2339,1947,False,True
1197,ehudsonjewelrydesign,661,239,False,True
1198,gmwz110,2568,6966,False,True
1199,zuzushealingarts,2031,1366,False,True
1200,haolu302,2712,7220,False,True
1201,jewelryby.lena,56,50,False,True
1202,waywardwitchauctions,10455,686,False,False
1203,crystalsbyaidan,183,9,False,True
1204,taurussart,309,128,False,True
1205,metanoiagems.za,312,926,False,True
1206,gemstoneguardians,5979,343,False,True
1207,mayhemalva,233,910,False,False
1208,yarnngems,3771,1654,False,False
1209,cicadasupply.co,256,169,False,True
1210,sivanasoul,540,368,False,True
1211,ladylynoras,446,76,False,True
1212,menialtranscendence,48,49,False,True
1213,lappidary_crystal,7158,7503,False,False
1214,diinesharora,281,492,False,False
1215,yuumicrystal,443,1933,False,True
1216,marfa.mx,2018,2123,False,True
1217,alessia.accessories,399,731,False,True
1218,chaotic_chroma,89,26,False,True
1219,witchy_sky_,241,55,False,True
1220,positiveknotsjewelry,2166,2075,False,True
1221,breezydaystudio,1108,369,False,False
1222,opossum_doodles,366,116,False,False
1223,empoweredcrystals,18156,3299,False,True
1224,maokaicrystal,1353,4392,False,True
1225,petalsofarosez,2038,692,False,False
1226,princessezyt,8309,7281,False,True
1227,moonwanderer.est2020,3513,61,False,True
1228,crystalliac,7711,888,False,True
1229,rehauscrystals,4751,96,False,True
1230,lulucrystalsx,5003,7492,False,True
1231,crystalpixiesg,6024,2381,False,True
1232,ss_rockmyworld,11992,1846,False,False
1233,kleodora.krystals,1281,1264,False,True
1234,cv.indoboyeng_permata,3504,7289,False,True
1235,rosygrace.sg,630,109,False,True
1236,crystal.heng.heng.bidding,33,2,False,True
1237,winterglow.co,498,142,False,True
1238,ishi.gems,2263,357,False,True
1239,livin.crystal,1604,377,False,True
1240,crystalismel,1018,158,False,False
1241,allthatcraftings,1297,144,False,True
1242,jaaasperrrrr,1121,228,False,False
1243,virgonshops,14,56,False,True
1244,panda.crys,103,73,False,False
1245,crystal.lippies,553,7,False,True
1246,meow.meowpi,58,146,False,False
1247,lookgoodfeelgreatforles,507,1075,False,True
1248,jcrystraller,944,1595,False,True
1249,admin_crystalartsyy,62,1,False,True
1250,crystal.blianz,267,693,False,True
1251,auralite2three,417,420,False,True
1252,polly_crystal_wholesaler,3194,729,False,True
1253,crystalclan.co,1155,869,False,True
1254,_crystalgalore_,1450,1985,False,True
1255,crystalplant.sg,243,108,False,True
1256,blubellspell,972,282,False,True
1257,malfatihstone07,560,2664,False,True
1258,dainty_kessho,156,0,False,True
1259,i_am_alansmith,3163,7034,False,False
1260,crystal_alanmoon,1477,3735,False,True
1261,internationalgemshop,1029,1850,False,True
1262,suryadinata164,1442,3093,False,True
1263,ervina_crystal123,752,4272,False,True
1264,satria_fire_naturalgems_,1332,6689,False,True
1265,jorey.sg,181,114,False,True
1266,spykle.twinkle,1099,3433,False,True
1267,crystalsail.sg,265,117,False,True
1268,rcrystal_shop,151,1303,False,True
1269,crztales,10077,154,False,True
1270,j.crystalclear_,404,909,False,False
1271,crystal.9tailedfox,4426,3684,False,True
1272,mei.crystalssg,608,278,False,True
1273,sugarflylab,35,51,False,True
1274,asteriacrystal.co,1603,158,False,True
1275,crystalsbyjw.co,115,29,False,True
1276,raregemstone_wholeshale,1536,6226,False,True
1277,amberlicious_crystal,231,165,False,True
1278,firmans27shop,3040,1600,False,True
1279,woojoogems,309,778,False,True
1280,crystal.and.cats,95,25,False,False
1281,gardeniacreations,566,2,False,True
1282,crystamour,2048,852,False,True
1283,crystal.snowflakes.sg,27,20,False,True
1284,lolipop_crystal,748,3276,False,True
1285,thegirlbehind,1172,566,False,True
1286,qianjing.crystal,320,5,False,True
1287,ventuscrystals,113,22,False,True
1288,amelioratecrystals,791,26,False,True
1289,crystallovify,718,244,False,True
1290,crystallizesg,460,170,False,True
1291,gemime.co,36,7,False,True
1292,jsuki_crystal,22,1,False,False
1293,niue.co,1178,336,False,True
1294,crystalgemorigin,384,163,False,True
1295,devinegems2015,1162,1268,False,True
1296,crystalsalleysg,12,8,False,True
1297,thebunnysorcery,1081,93,False,True
1298,the_diamond_window,657,172,False,True
1299,cristalestory,10878,72,False,True
1300,virgonstellar,52,230,False,True
1301,ys597733,324,508,False,True
1302,jy542235,226,391,False,False
1303,pocketfulofdruzy,532,489,False,True
1304,eternalco.crystals,626,153,False,False
1305,crystalcosg,2264,7502,False,True
1306,faiecrystals,2049,99,False,True
1307,ouraminerals,1972,502,False,True
1308,eug.crystals,1977,304,False,False
1309,mellowmuggle,148,188,False,False
1310,aurahavenco,113,16,False,True
1311,lawofcrystal,232,401,False,True
1312,geokatcrystals,891,41,False,True
1313,lettscroch,402,367,False,False
1314,xu.handmade,1082,677,False,True
1315,kindredjewels,722,123,False,True
1316,ablurkitty,5946,6,False,True
1317,alunnaspace,499,8,False,True
1318,thesage.room,153,64,False,True
1319,rooted.inearth,145,11,False,True
1320,kristzlavender,178,96,False,True
1321,sams_cureations,22,32,False,False
1322,crystalline.joyz,609,443,False,True
1323,caelus.co,191,24,False,True
1324,aggy.pushpull,594,167,False,True
1325,illumin8.sg,1306,1357,False,True
1326,crystal.in.a.bottle,291,137,False,True
1327,crysto.light,959,657,False,True
1328,fareast_crystal_wholesale,3180,6307,False,True
1329,thatz.mad,414,365,False,True
1330,oneandonly.foru,503,256,False,True
1331,crystalique.s,383,130,False,True
1332,crystallovebulan.id,767,2497,False,True
1333,moonprsmpwr,247,122,False,False
1334,jawelery12,1,7,False,False
1335,rockberline,958,7073,False,True
1336,grrath_fenix,546,2503,False,True
1337,crystalseller.id,658,2220,False,True
1338,vionnsdraft,317,1221,False,True
1339,crystals__loves,629,1869,False,True
1340,crystalsgemz88,371,128,False,True
1341,neko.crystals,345,38,False,True
1342,reiannriviera,2167,222,False,True
1343,huatz.crystals,145,28,False,False
1344,resinonart,40,213,False,True
1345,zyscrystals,150,60,False,True
1346,crystal.mojo.bidding,139,45,False,True
1347,shopastrologies,403,71,False,True
1348,viorcrystals,280,1195,False,True
1349,crystaldepository,2141,584,False,True
1350,crystals.love.2022,45,29,False,True
1351,luxecrystalgems,2545,1214,False,True
1352,crystalrays_sg,374,198,False,True
1353,bud.sg,729,0,False,True
1354,crystal.bidding.sg,1192,520,False,True
1355,crystalsandchips,1892,342,False,False
1356,thegemstoneshop,1070,781,False,True
1357,onemoresparkle,66269,164,False,True
1358,flower_crystalshop,670,149,False,True
1359,crystals_woof,350,307,False,True
1360,daisy.gems,5202,1,False,True
1361,crystalane_shop,24,0,False,True
1362,sally.love.crystal,66,130,False,True
1363,igemify,158,43,False,True
1364,messy.spaces,225,170,False,True
1365,dhenyz_law,916,3686,False,True
1366,tiaratrove,737,203,False,False
1367,daria.crystals,1155,423,False,True
1368,the.fayes,1134,52,False,True
1369,infinitystonesg,258,112,False,True
1370,dtccrystals,29,16,False,True
1371,illa_nocte,6070,365,False,False
1372,theoddcrystals,71,24,False,True
1373,crystalesque.co,391,149,False,True
1374,crystal_hut.withlove,2828,3418,False,True
1375,joyouscrystalsatelier,242,12,False,True
1376,aloofafa,7142,233,False,True
1377,crystal_whole_seller,707,4159,False,False
1378,aeioucrystals,163,0,False,True
1379,crystalglazers,2911,2158,False,True
1380,top.polished,6437,7069,False,True
1381,crystalzx.co,36,8,False,True
1382,nightshadegem,2817,2184,False,False
1383,mamagems_sg,887,126,False,True
1384,tipsy.gems,90,14,False,True
1385,ynyaccessories.sg,317,2070,False,True
1386,therocky.crystal.003,431,3723,False,True
1387,crystalstory.co,742,101,False,False
1388,bluegemsbaby,1150,850,False,False
1389,crystalmamaksingapore,58,94,False,False
1390,claire.yume,753,909,False,True
1391,pellura.crystals,1723,624,False,True
1392,michicrystals,196,101,False,True
1393,thek.rystal,3037,2344,False,True
1394,magik.raft,303,8,False,True
1395,shannencrystals,737,331,False,False
1396,yumistals,209,21,False,True
1397,lyla.crystals,518,401,False,True
1398,adestone888,2012,7498,False,True
1399,honeyy_crystal_shop,1379,3387,False,True
1400,gemistry.co,159,42,False,True
1401,almacrystal_shop,2898,7300,False,True
1402,crystalsbyphoenix,150,227,False,True
1403,pikimaulana2022,19,76,False,True
1404,chadora.co,109,18,False,True
1405,gem.symphony,80,217,False,False
1406,atelier_kessho,65,19,False,False
1407,yvenne.x,36,49,False,False
1408,bleumoon_studio,353,2,False,True
1409,distortia_crystallize,1254,1974,False,True
1410,gemmi.bee,144,222,False,True
1411,healingcandies,147,158,False,True
1412,starlightwinds,101,49,False,False
1413,astellora,774,164,False,True
1414,heal_in_style,998,269,False,True
1415,meemees.speaking,1986,216,False,True
1416,upsidecrystals,74,250,False,False
1417,saddient_crystals,176,374,False,True
1418,fat.little.happy.cat,223,78,False,True
1419,kalon.sg,706,308,False,True
1420,thewitchy.vibe,5664,989,False,True
1421,crystal_agate.shop,1719,6720,False,True
1422,shl_crystal_wholesaler,4,0,False,True
1423,sundance.gemstones,5216,1,False,True
1424,merry.crystals,165,72,False,True
1425,joliecrystals,1543,3,False,True
1426,orbofsky.co,556,2417,False,True
1427,pupucrystals,1912,660,False,True
1428,affinitycrystalssg,1796,1393,False,True
1429,petalsofacrystal,988,41,False,True
1430,handcraftbyai,88,1,False,False
1431,rainbowonrocks,572,1333,False,True
1432,crystal_wholesale_stone_shop25,2323,6984,False,False
1433,fajar_hairulapan01,1106,4060,False,True
1434,crystal_muhlis,1102,5623,False,False
1435,nurmalacrystal01,1374,1456,False,True
1436,john_gems_minerial,1690,5072,False,True
1437,apriliacrystal,5,70,False,True
1438,oracrystal_,926,347,False,True
1439,pocket__ofblue,28,27,False,False
1440,milanikesya_crystal,328,326,False,True
1441,crystalore.sg,7,4,False,True
1442,ariesrising.crystals,292,52,False,True
1443,charming_charmsss,237,115,False,True
1444,luxicrystals,398,1059,False,False
1445,day_dream008,126,188,False,True
1446,deon_sara,265,361,False,True
1447,crystals_destiny,327,2,False,True
1448,happyofbeads,4,3,False,False
1449,gleamxgem,952,200,False,True
1450,jcrystalrealm,34,11,False,True
1451,an.other.energy,822,701,False,True
1452,pearlsandplastics,525,357,False,True
1453,lovegoodcrystals,5268,811,False,True
1454,huatspau,305,438,False,False
1455,pammiecrystals,1521,378,False,False
1456,twinklelove_crystals,8,26,False,True
1457,terriblynamedcrystals,366,352,False,False
1458,floofycrystals,76,301,False,True
1459,singingbowl,2601,559,False,True
1460,seneciopearls,430,229,False,True
1461,superkitty79,99,147,False,False
1462,glissgem_,1917,681,False,True
1463,ugli.krrrystals,23,77,False,True
1464,tobiosquish,787,459,False,True
1465,niracrystal_wholesale,217,3716,False,False
1466,calcitegemswhole,864,802,False,True
1467,katchifuzo,241,63,False,True
1468,sofa.gems,1720,113,False,True
1469,kittyintheloft,32,1,False,True
1470,lovelycristalli,22,7,False,True
1471,harthuarong,47,24,False,True
1472,crystal_throb,1963,2666,False,False
1473,mycrystalbabies1111,751,1022,False,False
1474,shin_cryz,471,284,False,False
1475,kristal0ve,1465,64,False,True
1476,secretkreasure,939,188,False,False
1477,crystal_heart_wholsaller,1236,896,False,True
1478,dequackz.crys,271,311,False,False
1479,hobacrystals,125,55,False,True
1480,thecrystalbarsg,3180,495,False,True
1481,byxinya,7,0,False,False
1482,rahrahcrystals,2201,181,False,False
1483,thegemstoneexport,1016,2763,False,True
1484,shop21crystals.sg,324,37,False,True
1485,cristaux.89,385,98,False,False
1486,himalayah_gems_and_minerals,2037,5519,False,True
1487,planet_minerals_supplier,4013,7501,False,True
1488,yoniestar.co,757,4830,False,True
1489,crystalbarbar1,906,6538,False,False
1490,rockscapade,328,221,False,False
1491,prettystringsnstuff,54,40,False,True
1492,mysticling,16,31,False,False
1493,allurecrystal_,753,738,False,True
1494,kaysenjx,85,66,False,False
1495,crystaljelly.sg,362,224,False,False
1496,q.gems_sg,12,1,False,False
1497,fated.itis,3146,561,False,True
1498,thestarrycrystal,477,4,False,True
1499,fareast_crystals,612,5529,False,False
1500,amethystfalls.co,321,192,False,True
1501,chefdclub,256,228,False,True
1502,mornin.gem,356,17,False,True
1503,rmc.manifest,68,68,False,True
1504,airplantssg,1059,518,False,True
1505,gems.breakfast,25,1,False,True
1506,ellybeads,141,139,False,False
1507,crystal.scales.555,207,399,False,True
1508,randa_crystalshop,294,1570,False,True
1509,la.crystals,750,598,False,True
1510,crystalsrare,4126,1786,False,True
1511,crystal_ebi,7,2,False,True
1512,lovinglyyours.crystals,203,81,False,False
1513,miracle.crystal_sg,512,2520,False,False
1514,0n3_l0st_human3,3,3,False,True
1515,yellow__nabi,35,28,False,False
1516,crystaal_love212,2072,7500,False,True
1517,axtra.gems,21,9,False,False
1518,jo.krystalz,83,48,False,True
1519,sqelf,306,284,False,False
1520,iskarah.crystals,1516,419,False,False
1521,crystal_blink_blink,10,15,False,False
1522,mianbao.collects,880,251,False,True
1523,abundance.co,108,465,False,True
1524,crystallalasg,792,1978,False,True
1525,sparklydruzystones,534,840,False,True
1526,sweetnothings.gems,176,81,False,True
1527,quartzmaw,1,0,False,True
1528,m1styg3mz,97,50,False,True
1529,crystalforestsg,1086,9,False,True
1530,beadsforyou.sg,3265,2366,False,True
1531,candymountaincrystals,765,448,False,True
1532,deux.crystals,824,822,False,True
1533,aalacritywithaaana,769,133,False,True
1534,wisteria.petal,256,158,False,True
1535,dropsof_crystals,1986,11,False,True
1536,embracingcrystals,576,218,False,True
1537,crystalmaoz,62,86,False,False
1538,themanifeststore,84,21,False,True
1539,crystals_manifest,66,63,False,True
1540,bambinluna,508,731,False,True
1541,stones_of_earth,69,13,False,True
1542,all.in.a.quartz,163,64,False,False
1543,sparkles_moony,67,16,False,True
1544,indonesianagateseller,4319,5480,False,True
1545,dealercrystals,493,1770,False,True
1546,gnome_n_grove,93,63,False,True
1547,tworicrystals,737,750,False,True
1548,rizky_crystal_and_jewelry,2446,7255,False,True
1549,the.mellowcrystal,2789,494,False,True
1550,labella.growyourhappiness,103,228,False,True
1551,bykazel,421,288,False,True
1552,krystal.de_bleu,754,505,False,True
1553,mellowserenade,741,221,False,True
1554,andycrystalls,1765,5583,False,True
1555,auralitecrystals,3171,246,False,True
1556,cvystalian.love,3454,207,False,True
1557,moonlightgems_sg,1523,945,False,True
1558,the.rituals.co,3048,493,False,True
1559,komi_crystals,8346,522,False,True
1560,crystal7533sg,507,778,False,False
1561,crystalheartssg,4978,1581,False,False
1562,astral.krystals,555,82,False,True
1563,shoplove.kith,444,0,False,True
1564,gavi_crystal_stone,1296,6514,False,True
1565,feedecrystal,730,251,False,True
1566,gember.store,422,22,False,True
1567,happiness_goalsg,61,0,False,True
1568,crystal_stone_agate,3241,6997,False,True
1569,willy_guntara,2050,5035,False,False
1570,nickycrystavail,339,1,False,False
1571,carnelian_specialist,422,545,False,True
1572,gems_tonesss,3728,7493,False,True
1573,thetsukiyo.co,7265,241,False,True
1574,pie.gems,150,140,False,True
1575,numzcrystal,163,184,False,False
1576,crystalsavasana,3855,879,False,True
1577,crystxlwxlf,469,259,False,True
1578,rasya_gemsseller,73,358,False,True
1579,missyaffair,222,252,False,False
1580,urbanstonejewellery,776,2,False,True
1581,bumbbear,287,11,False,False
1582,moonxwick,11268,33,False,False
1583,puritycrystalshop,2074,326,False,True
1584,crystalsinme,304,321,False,True
1585,oreadscrystals,993,351,False,True
1586,miragecrystals,973,873,False,True
1587,zwenaellecrystal,109,523,False,True
1588,crystals.indo_agatecenter,3046,6983,False,True
1589,james_stone_wholshaller,4116,5683,False,True
