,followers
0,trinity_jn
1,pigguincrystals
2,crystals_woof
3,christalizedd
4,sp1cyer
5,subtlewows
6,itz.mons
7,rootbeerfloatt
8,yayanstones8139
9,crystalrock81
10,lua8279862019
11,nanacrystalshopping
12,top.polished
13,mhyyp
14,peanutbutterflies
15,efscalice
16,moonhuexx
17,lavel7
18,13ponies
19,kkeslyn
20,jasmine.tealeaf
21,the_zen_of_pisces
22,bunwithmilkshake
23,huiyun_tan
24,acnh.meow
25,degan_gems_minerals
26,ruijialovesfries
27,c.heeeryl
28,ninehues
29,mshumanballoon
30,rachelll078
31,trish_from_tx
32,tinggwenn
33,cherylchuaaaa
34,samanthaxong
35,mycrystalbabies1111
36,gemstones_00
37,kath3rine
38,stoneyloony
39,cryanodine
40,ireallyliketomatofish
41,saffronnginger
42,keeembrrrly
43,d.laurel3
44,dtan724
45,rah.crystals
46,janielletyx
47,natan_tyw
48,mrcs_1505
49,olmi.crystals
50,meowwshanwang
51,thriftycarr0t
52,maggie.osl
53,desorption
54,bewwypuddles
55,mineralmagic1
56,sher12tan
57,rayazullah_safi_enterprise
58,vivien_tan
59,4ten3
60,labarraderesina
61,crystal_wholesale_stone_shop25
62,buaytahansia
63,girellianfranklian
64,sherminwu
65,nzdd_xd
66,foxxymonstrr
67,urlovingsecretsanta
68,crowncrystalsshop
69,ugun_crystals
70,summerxuelove
71,therocky.crystal.003
72,beeee_crystal08
73,yingyingzhanng
74,chloefenny
75,sandratay08
76,hazziie
77,jslnpoh
78,ssnowballz
79,ichacrystalwholesale
80,ladotc
81,happyashappydoes
82,afterhours.sg
83,meow.meowpi
84,nvtvsya
85,the_crystals_bank
86,niracrystal_wholesale
87,agatecrystal2022
88,crazy_crystalshop
89,crystalsanti.id
90,tyrellpretoius
91,mindstylish_
92,moonieknots
93,limyujun
94,agnessal
95,katiemegxo
96,boobluebabe
97,mystery_businesswoman
98,dahliaxcrystals
99,clouds_of_crystal
100,almacrystal_shop
101,brbsearchingforareasontocare
102,lumi.crystals
103,eomma.jewellery
104,ardistore16
105,kailing90
106,vvivvien_
107,stephanieyyl_
108,misty.crystals
109,tesssass
110,crystalsandchips
111,abcmehh._
112,graystals
113,gemistry.co
114,fodepalate
115,baejingg
116,keizel.w
117,nicole_tanyx
118,chrystalteooo
119,gui_enabler
120,dawnlims77
121,ardiayf
122,binsongemsand
123,littlejadestory
124,nanachanzz
125,satansation
126,hhwb4991
127,joyytzu
128,bearisquishy
129,carinpang21_
130,lumiere47
131,jlynxe
132,mabsbao
133,alice.crystals
134,sharon149
135,niao.mi
136,sabbautumn
137,shutupdino
138,pocketfullofpink
139,hazinsingapore
140,_iamanelldaa
141,curlytravelmess
142,stono_omnia
143,brenb0t
144,gemmybar.co
145,magpieandgiggles
146,yingyulee
147,crystxlwxlf
148,hisokabloodlust
149,summertwentyy
150,zzzhixuannn
151,emi.sau
152,angelus_en_noir
153,pebbbless
154,candycrystals.sg
155,ferlynz
156,gia.6672
157,fallxn.crown
158,ohsparkle.ling
159,dumpinglingme_
160,konikana09
161,jiygnij
162,crystalwerkz
163,cookiethelonghamster
164,screamforgems
165,lyrahs_
166,totoro_secretgarden
167,elocinsherry
168,__crystal_shop2022
169,xineri
170,jy.jzx
171,kopimamama
172,simplyprincessy
173,cluck.d.chicat
174,wubbishbean
175,_gemstones028
176,christinemjhda
177,shuettie
178,dreamfarfaraway
179,radio_ming
180,ofstarsandtears
181,tiutii
182,aehlzzzz
183,oilsome.mesh
184,kristykylie
185,diooryy
186,shortbutnotshort
187,axiaphia
188,cxlxise
189,sipsofsunlight
190,sara__aloha
191,gracespooop
192,lindanfeng
193,ohnyzuu_
194,honeypawtcrystals
195,vanny.toh
196,jayce.yui
197,the_polihsed
198,crystalynz
199,zz.unicorn
200,dyans_gemstone_crystalshop
201,6lue.lily
202,meltsinpink
203,cherx3_
204,ssyw10
205,csceleshellc
206,wenxuan_
207,monica.scf
208,vel_mood
209,tzz3.xii
210,hazziielite
211,userq55555
212,mocchel84
213,gemstone.riyan
214,joanne.csh
215,gabriel.chew
216,taoreethnic
217,xjq.jiaqi
218,hav35aith
219,uniquelyjolyn
220,dcheekymonkey
221,angelinetmq
222,erinamtan
223,dorothieeeee
224,_sssach
225,graceechiaa
226,xiaotoot
227,pipipiyong
228,ohdaisies
229,sherminhx
230,emilychewem
231,mian.bao
232,kneehoemah
233,spectaculent
234,superrcarmen
235,hantucheena
236,larissaawan
237,iamronns
238,ojiamin
239,al________lc
240,crystal_wiliamm_agate
241,shrimpletown
242,audaciouslyyours
243,baetch.es
244,evelohck
245,benawsx
246,elenamarie
247,jnyh11
248,sherms.2314
249,lor_dstone
250,aprilstardust
251,mellymeowz
252,angiesnowy
253,reginanuggetlay
254,nicolepigka
255,jacqwyl
256,littlemsedna
257,derrick_lee_
258,dyannasaur
259,nata__c.collect
260,pamgabkay
261,babycoolkids.s
262,vivianviina
263,nickeroons
264,susi_crystal_stone
265,crystalkamran
266,crystalshop_warehouse
267,nuggetssforlife
268,abasi_gemstone
269,kitteekrystals
270,crystallizesg
271,mysticalcrystalseller
272,smiling_face_crystal
273,babar_gems
274,sial.gemstone_mineral
275,corlisschiu_
276,magic_crystal2
277,halim.stone_sukabumi
278,crystal_gems786
279,crystal_muhlis
280,crystal_jampang
281,huatspau
282,ahay_stone29
283,colorful_rainbow_crystal
284,mintstripes
285,mtdulangon_23
286,floylim
287,agatestore_indonesia
288,ilovecrystal243
289,various3018
290,crystal_minerals95
291,born4art
292,faithdababie
293,jasminehow
294,jana_podmajerska_izakova
295,jumaedincrystalshop
296,id.rather.be.thrifting
297,kwiyomicrystals
298,asolitarythread_
299,fortunebaobao
300,eyjafjallasherkull
301,crystal_wholesaler_ann
302,libyandesert_glass
303,crystallover9080
304,cinnabarhn
305,genanabanana
306,kayweiwei
307,shot.by.the.gram
308,indonesianagateseller
309,gemstone_business1
310,zsara_boyko
311,pinkcrystalic
312,crystalsparklescandles
313,khan_mineral_stone
314,justwannachill2022
315,elain_09
316,steph_wongwy
317,397nanami
318,goodthingsandgoodlifearemine
319,shop_crystalagatestone
320,lord_buddha_stones_an_minerals
321,phosphosideritebae
322,sundiansyahsundiansyah
323,heidi_tannnn
324,marchtan
325,lnrhrrtl
326,graciegoesplaces
327,psjaco___
328,witchwaytheearthspins
329,gems_street_associate
330,pearllfy
331,elvyembee
332,gemstreet.20
333,rockberline
334,crystalsjava
335,angelkrystaling_
336,kayiz
337,crystalexchia
338,afiqah11_
339,82bigstone_production
340,milomuf
341,isabellekoh_
342,chubb.sg
343,jontehsq
344,_c9ookie_
345,maiyamuhriz
346,j3nniiiiiifeer
347,lunariouschick
348,whyy.crystals
349,sillyyar
350,bs_gems_minerals
351,pais.alakmal
352,lolololbutno
353,susksksks12
354,nontired
355,luhrainetan
356,afrizzlybear
357,rockcrystalshop
358,mini.mlms
359,crystalauthentic.co
360,stone_indonesian
361,rachycrys
362,jax.crystal
363,florencewee44
364,fionalalaland
365,graciesepet
366,my_lovecrystals
367,crystal_stone_wholesale
368,tateandeden
369,blueapatitecat
370,jojo_firefly_333
371,frostifairyflakes
372,nimblesome
373,onlystephie
374,misssweetestladies
375,chingwenzxc
376,audreynowonder
377,me0wcrystals_
378,edricxwrz
379,slp.jy
380,rifki_stone_art
381,crystals_minerals_1
382,mansoorsayyad299
383,celinelaurenkia
384,crystal.carving.factory
385,chloekuo_chiayu
386,jansenbigtummyguy
387,ruyantsnhedgehog
388,paletteofstones
389,izzyleeyng
390,volcom_co.id
391,chrispypankek
392,gemstones_collectio
393,elin.agate
394,19seven9eleven
395,crystalspecimen
396,jawslynong
397,shergottite1111
398,gemstone_berkah
399,soul_crystalshop
400,hanz_aphrodite
401,chin_ahliang
402,cailengtan
403,jane.ahm
404,jxnvth
405,meimeijamie
406,marblellousss
407,nouvellevieying
408,__tsailu__
409,ginac698
410,claudinetlw__
411,yuliatandar
412,sophiasng
413,fideliatly
414,just_polished_materials_
415,tracy_crystal_2_wholesale
416,clearlookcrystals
417,yi.sheng.suo.ai
418,sherisst
419,chineseembroiderybag
420,jessyiting
421,aprilia_crystal
422,crystal_moon103
423,sayasukacrystal
424,stellski
425,htaghairstudio
426,gina.low
427,mathieu.descamps
428,labradoritewholeasla_retail
429,berrocappuccini
430,xoardnuaet
431,agate_indostone
432,kirtiraut
433,kelvin_pehhh
434,sharlenessmy
435,stone_king123
436,ritu279
437,mecca_eart_crystal
438,crystalkopitiam
439,renatocriogenicos
440,hi5purritos
441,santinaselects
442,beigeneonn
443,lim_yaw_keong
444,jesscuda
445,dalfienest
446,madcrystaland
447,visionary7.7.7
448,sy.ahril4629
449,eunoiacrystals
450,miumiuchoo
451,darloveslife
452,insan3z
453,magic_planner_italia
454,hibacrystals
455,eileen111
456,alyan_gems
457,michelletan1001
458,keidencheong
459,world_crystals_supplier
460,errlyynno
461,foxy.alchemist
462,germainw
463,away_stoone
464,zacked10
465,porcupinecrystalshop
466,le.joli.atelier
467,xwanderlassx
468,thriftyradish
469,sukma_marketing17
470,santi_azariaaa
471,lickfloppop
472,crystal_stones_carving
473,moon.earth.crystalz
474,cheryl.t.h.3
475,angelcrystallucky_01
476,solstice.crystals
477,a.mandaaatan
478,ohmnification
479,anniekorba
480,luna_crystalshop_
481,crystalshop43
482,joyphe
483,tychorian2002
484,hanaerdelyiova
485,theyantagate_
486,etniscrystals_moons027
487,shopc_rystal
488,jillianzhen
489,lisalicrystals
490,jhonalexis207
491,nicoletinne
492,vmh.90
493,zinggaminerals
494,dingkuey
495,wanlii
496,fareast_crystals
497,honglin_lor
498,dabitoh
499,crystalshop.moon
500,angelyinnn
501,extreme_crystal_wholesale
502,bluepebble
503,treasure_of_minerals
504,dezleexl
505,ilialy
506,redddle93
507,karrotsarepurple
508,gems_expert.co
509,disorganizedmamabear
510,tomohtom
511,scrabbleking
512,king_agate_
513,orochi_chrs
514,jasmine_yap_queen
515,fellicyasalum
516,nature_crystall
517,naturalcrystal26
518,b.lingcrystals
519,agateindonesia
520,crystalfactoryno.2
521,jennifer_tania10
522,aerialelyse
523,cy.xrxstals
524,panpanft
525,marslapidary
526,thenightowlrunner
527,crystal_rich_addictive
528,_nora.crystals
529,neko_blackheart
530,classy_crystals_wholesale
531,lynda.nursah
532,jellysuperbean
533,njpaulino
534,shirley.properties
535,nauticalcrystals_shells
536,alfarijifahri053
537,cep_pahri2
538,houjicha.aisu
539,charmaineonggg
540,ilovemycrystals_
541,milko7
542,lenaejolie
543,crystal_indo_agate_seller
544,melmel_s_t
545,crystals_mia
546,cwp1314520
547,shanbearlyawake
548,lubbunnie
549,internationalgemshop
550,monacrystalwholesaler
551,lovecrystals.88
552,xxstep.xclusivexx
553,manycrystalss
554,selycrystal12
555,saungcrystal890
556,cabochon_suplier
557,crystal_druzy_agate
558,s.heimavathy
559,angellovecryquartz
560,yifei.song.5201
561,crystalclan.co
562,0zayn8
563,crystal_wholesale_palace
564,ms_joan
565,yiboloveme
566,kreamecrystal
567,alyn_herrarte
568,marleyscornerstore
569,dotdotsmilebyalysonfields
570,y0lavie
571,xianminc
572,mycrystal_vi
573,supandyagate
574,flash.crystals
575,crystals.vit.br
576,g_a_i_lk
577,waseemsafi553
578,chrisanteamum
579,ms.khairin
580,greencountrycrystals
581,rocks_project
582,natural_stones2233
583,cerial.sg
584,jynn.lifez
585,crystal_agate.seller
586,irisancristal
587,the_rockmineral
588,alexa_crystalsgems
589,dingjin218live
590,misakoizawa
591,msmillesime_crystals
592,germinlim
593,rosidah.crystal
594,starlabailey
595,gemscrystalswholsaler
596,happygem2021
597,autumnisblessed
598,crystalwholesalers.orgage
599,crystalhomeindustries
600,addfriadsc
601,andycrystalls
602,emilyllw
603,cheng__chengcheng
604,hjsusi_crystal
605,crystals_aura
606,yiyunx3
607,cristallove1122
608,manifestyourlife_444
609,winteressgems
610,m.paizalll
611,garden_of_crystel
612,james_stone_wholshaller
613,crystalstone.id
614,vjhonjairo286
615,yumin3006
616,sandylee_2095
617,serinahlynn
618,keepsake.catalogue
619,grace_of_crystals
620,blue_aragonite_king
621,arzangemstone
622,naturalstone951
623,vernscrystals
624,crystalhub4u
625,sanriogirlsxx
626,wholesale_supply_company
627,luna.nata.emporium
628,cvjavastone_crystals
629,tedbeany
630,crystalika.id
631,carnelianstone1
632,indonesiastone_seler
633,rraachelng
634,uw.pix
635,rara.moon__
636,veewee__
637,wtcxfkm
638,polishedstones0011
639,alvero_alexiss
640,zamstone_id
641,rednoaw_
642,mozza_art_crystal
643,mermaidgems_minerals
644,calcites.stone
645,cv_druzy_crystal
646,selvira_crystaladict
647,chibixystals
648,dianaxxglowz
649,januaryz
650,kami_crystals
651,kxriis.crystals
652,shinning_crystals_
653,weicrystalwholesale
654,gemstones_b.o
655,llamatama123
656,romihaiku
657,bimi_le
658,ventigrandy
659,famil_y1910
660,stoneart959
661,maybeitsmyspark
662,pr1nxy
663,maston.john.90
664,august.meimei.lambo
665,cryst_alston
666,perfectcrystal01
667,sellerstoneandcrystal
668,lydi_glitteryhaven
669,qiqizhou.crystal
670,delyth_pixie
671,crystal_wholesalerlu
672,selling_crystal_stone_65
673,mine_realgems
674,shaaaniceee_
675,lourveomry
676,krispykremmeeee
677,treassure_of_crystals
678,iiemuiix89
679,nyiar_crystaladict
680,nidacrystal2021
681,moon.earth.minerals
682,jiaying_wiinnet
683,byulberry.y
684,abbylee_crystals
685,klehrahahng
686,joanne_lohhhhhh
687,ralphlohren
688,xtie.whisperer
689,tjianhui
690,superstardadada
691,omywhut
692,vivianppj
693,bluebernoi
694,kamalselenite
695,mangoishungry
696,cha10.12
697,tornpaperroses
698,gneo
699,pauline_ongpl
700,icemaidenz07
701,dayat_sustenance_natural
702,autumncutecute
703,galio.crystal
704,xjoycelink
705,auralogick
706,mel_crystals
707,esha___s
708,aerinisotw
709,pohangcrystal01
710,shesaiditall
711,ohxnora
712,zessy_zeans27
713,racheltanmfang
714,tjstone_crystal_shop
715,michngyl
716,jia_crystals
717,fishcrystals
718,carvings_crystal_geme
719,thetranquilgems
720,yongql
721,jenniferong.siu
722,jaslin_ting
723,marshmallowmuddpie
724,thesunnyflower
725,chloe_mackie_
726,crystal_stone_sculpture8
727,dante_annacrystalcraft
728,caiweichloe
729,myheroinee
730,brokeasfshopaholic
731,nasya_crystal16
732,loving_stone_crystal
733,madele
734,iuh.ihs
735,user04_____
736,chloeisme21
737,wan_zh3n
738,yourchoiceminerals
739,qiqiclaire
740,himalayancrystal2021
741,sam_purpleee
742,crystals_inn_
743,ciel.cielle
744,suryadinata164
745,kiw_stone_agate
746,ccutlet66
747,with.klarity
748,mehjig
749,parel_jewelery199
750,crystalbarbar1
751,mczaortiz
752,adit__stone
753,ashley.ttoo
754,jan_gem_stone
755,norahswong
756,tripsytipsy_
757,crystal.bulk_wholeselar
758,ummzaydalwi
759,bylumiere.co
760,aliciahzy
761,eda_suping
762,ccherryyll
763,ellure_suping82
764,leefishball
765,wcl.33
766,privatedubu
767,mao.5040
768,j.acelynn_
769,krispykeeps
770,nic_jx
771,carmencarmencar
772,ciellevor
773,peachypantry
774,pointytoeshoes
775,sghiddengems
776,envyxenvy
777,_vl.dw_
778,insafgemstone
779,bubblesbtt
780,dear.keizel
781,estherpoh
782,milaryan_crystal_shop
783,anivia.crysral
784,pressuredrock
785,mimigem.mlms
786,woojoogems
787,gerninini
788,finn.ttay
789,kaze_whyyoubuyagain
790,sj_yjs
791,iim.not.luke
792,kittyminerals
793,kamilkhan578
794,jostallize
795,yitingtann
796,jewelry_market1
797,bulk_crystal
798,antiqueswift
799,zenelle1994
800,ohhoweirdz
801,gems_world_sunny
802,thecrystalsquad_
803,oiilala97
804,mounteacrystal
805,moonlight.wholesale.crystal
806,digeneratedsloth
807,crystal_szf
808,wendy_tan
809,hola_shir
810,deni_crystalstone
811,pqwulalaa
812,blessedandbeloved_
813,gazelt
814,chocolatecroissantx
815,charystals
816,mariotiagogems
817,_lalasa___
818,pinkyzaints
819,_the_crystal_girls_
820,im._tutu
821,nuggetdickslayer
822,xjmin__
823,crystal.beelief
824,watancrystalminerals
825,celiest.co
826,yellow_narcissus
827,threeonesee
828,karenseah
829,druzywoozey
830,akinachudory
831,yvonneang82
832,ebloveable
833,aworldofmyown23
834,amanda.licion
835,specimens_miner
836,sherlynnboo
837,chieupei
838,fmx99
839,crystalixie_2
840,lun4r0ck
841,_inlovewithcrystal_
842,jessizizi
843,fantalcrystals
844,oolongcrystals_
845,sagefutureemp
846,neequnalichidongxi
847,neptheus
848,minerals555
849,hj_natural_stone
850,amleeshasie
851,missanpan
852,alexchinggg
853,ecokonfetti
854,khotijahhumairah
855,andysmith.asc
856,queklihiang
857,stephietym
858,charmrummy
859,veryhuathuat
860,greenielove
861,c0rriinne
862,audrey_tey
863,sarbsxoxo
864,bonnievieve
865,nee.tsn
866,leecynbei
867,shopcristalco
868,caelumcrystals
869,fairy.ytf
870,maglmy
871,wennxuann
872,loveallcrystals
873,di4ry0fthew00nkid
874,crystalshop997
875,sherrybaby7
876,x_yuuuu
877,lingalingabell
878,omnommnommm
879,saunda_ya_xue
880,anthealieu
881,merlene_z
882,ilovepeach_oolong
883,visforvitagen
884,rene.sullivan29
885,carimehly
886,sailesh10
887,ass.tea
888,salmonbeb
889,ohheyypei
890,carolinepoopy
891,rachelelenatessa
892,mayong_9
893,mel.kwn
894,tofubelle
895,link_crys
896,25mayx
897,meowslowblink
898,vico_studio
899,bimbie_crystals_sales
900,theartistry.id
901,crystalogysg
902,00nhlb
903,zhuzhou674
904,peipei2310
905,papistal_lab
906,chipix__
907,nofalfayadh
908,boburnham_._
909,tj.jasmine
910,indoocrantscc
911,aby.3186
912,dopewearateam
913,miin.js
914,octopustonecrystalshop
915,phoelee
916,wantingz97
917,skinologically
918,dawnaryy
919,buttercupkrisp
920,jollyxday
921,pertinalin
922,spiiderfish
923,sp3nd1ngh0e
924,tyx.zyx
925,tiffychowsw
926,peacemakercandles
927,jingwennewgnij
928,mcbuttermilk
929,crystal_stone_sculpture9
930,collection_cry88
931,the.gems.bank
932,gemstone_732
933,overthinkingisgr8
934,simyuying
935,chele_seashell
936,kekecckl
937,so4.rocks
938,sweeti_cooki
939,inducedpluripotent.stemcell
940,crayyzee
941,coldbrewandnovels
942,blueythemonk
943,kerineyyy
944,elite.crystals
945,sisichew
946,azzura_crystal_31
947,sloppy.crafts
948,crystal_wholesales
949,6iscuit
950,polished.stones
951,jia_crystal.wholesale
952,ytjq.blings
953,simple_life_999
954,chaoda.toastys
955,semesta_crystal_nature
956,calcitewholsaler
957,nadakhnn
958,bebe.adele
959,ezann.musings
960,sharon_lhl
961,eatandtravel.blog
962,natural_setone
963,rinanxy
964,krystalsatori
965,thedara.crystal
966,crystalwholesale_xu
967,ms_muck
968,stephysim
969,jingcrystals
970,menhera.i
971,bhnsparklysparkles
972,crystal_wholesale_yi
973,curlydimple
974,nachas_crazy_spam
975,melaniecee13
976,crystal_factoryshop
977,peylng
978,bunnybobshop
979,agateart110
980,eagle_crystals_palace
981,phytls
982,_shxronne
983,steveslck
984,shainapun1012
985,cryst4licious
986,tealeaves14
987,sodacup007
988,izzati.zain__
989,gyeoljeong.id
990,jimii_ang
991,yslbear
992,calcitecrystal_
993,lixian12
994,behbehcca
995,mipfyc
996,jinting1215
997,feyrine_wong
998,sssyekkk
999,natyuen_
1000,blingblingrocks
1001,awang_pink
1002,_mycrystaljourney
1003,thehumminglife
1004,hollybee_crystals
1005,joysjasper
1006,sylvia_sita
1007,klearly_joy
1008,z.xlia
1009,ankahediyelik19
1010,eileenang
1011,kawaimissyeste
1012,chloenatan
1013,_fazlinaaa_
1014,leikacrystals
1015,zosrocks
1016,8866won
1017,hayzel.blush
1018,lingxuannn
1019,meannime.shelby
1020,user0399998
1021,sunshine.crystals
1022,vannavvv_
1023,mystix.crystal
1024,peachfxce
1025,cherylsi
1026,eastcoastjuicygems
1027,einujjunie_
1028,chamiecrystals
1029,linwei246
1030,reindropsxroses
1031,crystalwholesaler_p
1032,uniques_crystals_india
1033,liquidpebbles
1034,jing_jing_59
1035,jevyyy_
1036,0810_bun
1037,beucart
1038,xianxiannn
1039,cc.closetclearance
1040,ngwnxn
1041,peenutbutternut
1042,petiteksf
1043,winnieong__
1044,redkhor
1045,ceciliatanej
1046,magpalene
1047,zoeytang
1048,heyraec
1049,kissysj
1050,gnimoos
1051,jessieejl
1052,polished.store
1053,lilmisslate
1054,wholesaler_of_polished
1055,stcewol
1056,chiou.huey.3
1057,jollycooper
1058,hi.eunice
1059,rockscapade
1060,amandalicion
1061,ll.crystals
1062,jas1771173
1063,adeline.teoh
1064,yv0nne_te3
1065,a.tyjj
1066,in.a.fit.of.rach
1067,yyona.t
1068,maemak
1069,hiingl
1070,endahsurefive
1071,dewiprast
1072,cynfullcrystals
1073,ptopuyy
1074,mayyyyy09
1075,ihwtfyta
1076,jess_kaylalala
1077,cheris.c
1078,_d_elicate
1079,bbeu.phoria
1080,moonlightgems_sg
1081,shah_polished_stones
1082,hengkyjhs
1083,cass.lw
1084,lifeinthesmall
1085,itz_karen2607
1086,mavistbw
1087,oharadaisyy
1088,ashura199
1089,sqelf
1090,rainbowcrystalx
1091,your.crystals.supplier
1092,vanntan
1093,nikiehoney
1094,cosyburrito
1095,crazymin_
1096,shortywinnie
1097,atsuki.sg
1098,crystals.for.belle
1099,mich.crystalss
1100,drost21
1101,a_chl
1102,fellyloi
1103,veonyii
1104,giem2_yao
1105,mrskwik
1106,charmz4fun
1107,rockingmacrony
1108,sparklefairy.crystals
1109,eemyajnat
1110,jingg_
1111,nessaasalways
1112,cynd_x
1113,peiletters
1114,alltoess
1115,yeos.truly.rocks
1116,crime._.brulee
1117,affirmationcow
1118,mizzy17_
1119,celestite.jpg
1120,frxhkhn
1121,jabberbbywocky
1122,asliceofmind
1123,ashton_wendy
1124,lilitock
1125,ahxuannn
1126,ethan_ee
1127,ridingwiththebenzo
1128,jolenelimfb
1129,supernovaaax
1130,joc2lyn
1131,veralalaland
1132,lip_element
1133,shilohxcosmos
1134,bryanahuang
1135,idkanymbye
1136,sussywussylilbaka
1137,v3rn0i
1138,jlene.sg
1139,crystalixie_
1140,tyt0911
1141,prinklesparkles
1142,kakskdnwlm
1143,lazy_t0fu
1144,shoveaway
1145,jo.crystals
1146,jingvven_
1147,cai.ye.en
1148,szezineneedsfood
1149,crystalindonesia799
1150,helenyeo
1151,piggycanflyy
1152,qyyee
1153,pehweiting
1154,wanyee.f
1155,w.wendyyyy
1156,euphoringed
1157,airplantssg
1158,chezuyen
1159,triocheesebakedpenne
1160,dear21crystals
1161,eleeyeahh
1162,rustyy_sheyyy
1163,rylikfongjk
1164,sirless
1165,heyitsangeltey
1166,imtheyoungflexercomeon
1167,sabreenabonita
1168,cjyjun_
1169,shaoens
1170,barbarbzzzz
1171,herhuey
1172,harryewhw
1173,cheinscrystal
1174,krystalstories
1175,caramellimbokchoi122
1176,haw.tdawg
1177,_caitlynnx_
1178,raaachellam
1179,kellyninjachan
1180,anastasialiaoo
1181,soostcrystals
1182,helloimshya
1183,catherine_soh
1184,gemandberry
1185,iamsally.32
1186,ashleu.crystals
1187,yien_yin
1188,aaaverieday
1189,yelmeromero
1190,samantha_tan_
1191,fijiw4ter
1192,chicie__
1193,jaycetan1979
1194,moivon
1195,clarafied__
1196,deborwarrr
1197,alistals
1198,meliancrystals
1199,eizzus
1200,amyadrina87
1201,paula.ignacia92
1202,stonesofgaia
1203,iwtogtfosg
1204,galaxylove43
1205,zhapcaistones
1206,crystal_4_world_
1207,lisa_kalista.sg
1208,rockrepository
1209,sunshine_cookies
1210,timeforalittle
1211,slivcrystals
1212,sykxian
1213,lipiing
1214,dalbeads
1215,pinkrosycheeks
1216,yoojia13
1217,axlcs
1218,crystalgemsg
1219,zz.hui.zz
1220,ongwj300
1221,yisforyo
1222,pootiness
1223,nutty.crystascape
1224,immichiie
1225,yamatekudastop
1226,iamsu7w
1227,thevirgorabbit
1228,crystal.eric.mineral
1229,dai.jiawen
1230,violetdeleaf
1231,nikzium
1232,crlcheah
1233,mariesoh
1234,nicole4thepeople
1235,k.m.i_gemstone
1236,cynthia_meiqi
1237,xshinlala
1238,chew_melissa
1239,jolinelzh
1240,geraldenneee
1241,hazellyt
1242,limplp
1243,charles_easyparcel
1244,valerie.sim
1245,jjjadetjy
1246,simpmaster420
1247,mche09
1248,mind_spirit_guide
1249,hi_im_riko
1250,lsyyingg
1251,kkekkekkek
1252,hi.soaps.bye.money
1253,winteress
1254,yemama18
1255,suspensionsyndrome
1256,jgoh0918
1257,rockstar.bao
1258,engyeeeee
1259,glimmeryyuki
1260,leehongw
1261,eliz.anzel
1262,lesyeuxdepearl
1263,crystopia821
1264,snoobfish
1265,ajoey21
1266,iamslpngyt
1267,annsaurous
1268,em_me08
1269,tricia__yang
1270,simplyjustrandom
1271,cannibalilies
1272,logeswari_annamalay
1273,jocelynwsc
1274,celia1976pay
1275,marieloh1111
1276,xinhui_queenie
1277,misfaiza_abd
1278,brendagyj96
1279,angangangsty
1280,s0pugly
1281,olie_8
1282,tinybrinaaa
1283,bookylookie
1284,moosincrafts
1285,mseel_
1286,ahbluehaha
1287,sabspaghetti
1288,mzcrystal_cathy
1289,dorauponstar
1290,ce11hm
1291,vivalehermes
1292,kirinkirinz
1293,jas.kcy
1294,k00l.g3mz
1295,pei_ing21
1296,a_meliae
1297,scarletvivienne
1298,_yycrystal_
1299,anqiishuman
1300,polished_stones
1301,daintydust
1302,keto.dive.mermaid
1303,_juanjuann
1304,dollyloo
1305,jonelleheng
1306,kellylyhere
1307,chidaopangpang
1308,adres.tiaa
1309,airielle.hu
1310,jovyn_c
1311,chuyunfaith
1312,yvnkan
1313,xo_.yr._xo
1314,___jasmineeeee___
1315,plantitane
1316,alwaysxaly
1317,itstthaw
1318,gnoyllas
1319,omy.zaza
1320,abigail_tan_
1321,jess_zheng1988
1322,zacharias_f
1323,itsmonalissa
1324,gaiacreation
1325,xpriyaaaaax
1326,violetirislove
1327,_xxgirlgamerxx_
1328,wisteria.petal
1329,gemmieleee
1330,dama923
1331,beautysunnyshine
1332,crystals_wholesaler
1333,kell.ling
1334,yukansha_shortbob.sg
1335,ccharmainechong
1336,natural.jawelry
1337,eileen_tyl93
1338,elysialim
1339,iamstoned.sg
1340,iyashinokessho
1341,hunting.stones
1342,dionnelau
1343,ms_jpace
1344,honeyseedco
1345,agatesundastonecrystal
1346,yiting11
1347,lyneyvonney
1348,ding0901
1349,kosalakumar
1350,tiarabchen
1351,yoonkhee_macaroni
1352,annabel0_0
1353,mandyyy_._mandyyy
1354,capsntrend
1355,stevenjrlee
1356,xantheeee_y
1357,leepeixia
1358,teddyw0nn
1359,jinglezz
1360,abigailfaithlovespurple
1361,yyladycat
1362,j.ccrystals
1363,atelier_.co
1364,biyungrace
1365,lyn_onyl
1366,nia_teo
1367,esteryn
1368,dynotsothin
1369,hatchysan
1370,missyleow
1371,rhjanis
1372,wendyism.thecrystaladdict
1373,anna_bellll
1374,jaggyyoyo
1375,theluckyred
1376,cielcrystals
1377,fusionculturalinc
1378,salondolce
1379,kyukyusia
1380,cheesetinlye
1381,ohshuwen
1382,noobcoob
1383,evetanisme
1384,carmellaisabelle
1385,soonpaoseng
1386,hajarjumain
1387,atzgems
1388,lingai_
1389,adelewyd
1390,h_jiexin
1391,chrysalis_gemstones
1392,silverbluestars
1393,serein_uwu
1394,magiccrystals2020
1395,hala.kamel.75873
1396,jas_lyn33
1397,_xgrace
1398,min.cheah
1399,shimmery_wl
1400,idalee8190
1401,agd.crafts
1402,nereabee_
1403,joeytls
1404,yi_steph
1405,luna.lush.crystal
1406,ktluvlt
1407,lorenaddelacruz
1408,enas_abd_alhade
1409,shervy_ng
1410,fatezdestiny
1411,forestfairycrystals
1412,icanaffordtoo
1413,moonbitecrystals
1414,angel_tmx
1415,skx.rain
1416,geminipig._
1417,crystalyourhappy
1418,chanchannnieee
1419,jey.heych
1420,lim9313
1421,daphnegg017
1422,nurulhudaismail
1423,meisssssbvla
1424,aizhude
1425,vivianvivilee
1426,alastairswx
1427,thivy_aa
1428,bee_c5
1429,maocrystals.sg
1430,churra_k
1431,alexusjlee
1432,wahzai9
1433,claudylaudi
1434,prischua
1435,catherine4918
1436,sha_wanw
1437,nacrystals
1438,jean25sg
1439,yeohwui
1440,crystal_dreams43
1441,crystal_stone_agate_seller
1442,dennis27widjaja
1443,esmeg4l_3
1444,kewl_cupcake
1445,_qin.xi_
1446,mayalisca
1447,casey_kiasi
1448,shopsoleilco
1449,trios_win
1450,serene_ng008
1451,kyu.lxvxx
1452,paulinepeng17
1453,crystals_favorite_shop
1454,tucky011094
1455,gemstone_supplier18
1456,imacrystallady
1457,farelynn.farah
1458,cherylchewy
1459,jewel_crystals
1460,crystals_stone_shop
1461,itsnobodysfaultinthend
1462,chow_chowsss
1463,sandraddiction
1464,duckies_rules
1465,sara.yrx
1466,carinatan85
1467,pudding_kce_chewie_chan
1468,aviaannaaaa
1469,lizzy_is_joyful
1470,shannencrystals
1471,cassie.whr
1472,do0nk
1473,peijin_1986
1474,elaintanan
1475,pinkacidic
1476,my.crystalsekai
1477,woi_itsemjay
1478,misssynicc
1479,michypoo44
1480,merakiclub.co
1481,auddyauds
1482,queenof.crystals
1483,crystalcloud1533
1484,lyniewynie
1485,qian_3848
1486,nocturn._.nal
1487,crystal.lailiarts
1488,ally_toh_tri
1489,animor09
1490,pixieeloveu98
1491,fourfeetelf
1492,lovetmzaki
1493,kryyss_l33
1494,faalicious
1495,polaris_yl
1496,a.shleu
1497,debbiethng
1498,crazypoorchinese
1499,milypak
1500,jessie_tung96
1501,sumibloop
1502,miladysc0rp
1503,booooobooooothefoooool
1504,_dittojelly
1505,curvesbecomeher
1506,annie_nci
1507,peggy_ang
1508,lmaooof7
1509,elishevaaaaa
1510,verlynchasingcars
1511,p_uterililin
1512,starrystarry08
1513,huixianc
1514,hapiitoday
1515,__trixiiee
1516,bhong181980
1517,donteventryzz
1518,wontongems
1519,mermaidrelic
1520,alien000eyes
1521,jlowzk
1522,floating_fishball
1523,ilovejiheon831
1524,msliyzx
1525,ms.your.life
1526,masluloh
1527,esslew
1528,galerycrystal03
1529,huahuaduohua
1530,jaywhyz
1531,gladizlim
1532,grilledsperms
1533,vanillitelishluxe
1534,oromii
1535,denyangsmiles
1536,colecolegogo
1537,rach31.0
1538,itsmebaby________
1539,hweelee.low
1540,si.seennheard
1541,yasssqjeenslay
1542,thivyaaaaa
1543,priyalathasivakumar
1544,thecollectedreverie
1545,gyniepi
1546,jannyy27
1547,thek.rystal
1548,crystal_shop33
1549,yasminzbd
1550,lovesv_
1551,eatwateva
1552,carmen_lee_carmen
1553,jimblejanelle
1554,vitroeden
1555,raymond.z.a
1556,fel621
1557,sylvlim
1558,mxchijimin_
1559,crystal_treasurx
1560,dancinginpink
1561,french._.dahlia
1562,m3ow_t3o
1563,heheeh_cx
1564,sisihong
1565,cristalyeyen
1566,jiahui11111
1567,yuenyijuan
1568,ofquartz.itsyou
1569,rustxdust
1570,goh_huijun
1571,crystal.minerva
1572,bbtm.t
1573,babicarnival
1574,blessedluckygem
1575,sn_mdn
1576,heyyitssjun
1577,jermainebb
1578,witchesnextdoor
1579,chanmynnmynn
1580,omucurryrice
1581,me0wsniff_
1582,jetty_soon
1583,evealex80
1584,whooppiedoozie
1585,liilinggg
1586,thelittlepinkmissy
1587,aedylyt
1588,sophiegohh
1589,amb_yl
1590,crystal.orbit
1591,alakhawla
1592,aliciawxt
1593,zannkoh
1594,wtwanting
1595,hazeltan
1596,serene8923
1597,eroyticristal
1598,tiffxting
1599,gem.inlove
1600,claravamp
1601,thestonesanctuary
1602,fflavvv
1603,andy_misty_crystal
1604,lemoncookieeee
1605,cinnamonbiscuit
1606,serenitycrystals.sg
1607,j.shw
1608,adelineeeey
1609,txinyi
1610,doli_dori
1611,_nochugotchu
1612,kereneeee
1613,maizen.kraftwork
1614,mochi.crystalz
1615,metamorphosis38_
1616,am.i.amy.tay
1617,calcitecollection
1618,loveydovey_dovey
1619,mmikee0221
1620,cheneid
1621,shazzaelicious
1622,panpanpua
1623,cherpei_pei
1624,xianjiao
1625,iamtoto.kagome
1626,stephhhie
1627,w31feng
1628,shiyun79
1629,messyiscassie
1630,sstan_86
1631,leapoffaith168
1632,lotussspread
1633,_iambasy
1634,crystallover838
1635,colorpencil88
1636,abagfullofchips
1637,jtxinyi
1638,july18hoards
1639,coldbrewleh0enade
1640,huihuachoo
1641,merlynn87
1642,singaporenationalmuseum
1643,themysticalpalm
1644,bookworm1307
1645,takoyaki.iiii
1646,sharonflycwc
1647,chessityflame
1648,j0scelin
1649,empirecrystals_
1650,pri.vnt
1651,yitxngg
1652,crystal_collectivee
1653,avocadopiano
1654,ginaksx
1655,msjacjac
1656,sparklypyrite
1657,fayethful_
1658,nikkikse
1659,yutop1a_
1660,1xlwhitechickenchilli
1661,mis9ndrist
1662,rainy.daxe
1663,xue06
1664,pioneersuperloser
1665,prueprue
1666,nature_artzcollection
1667,natalieyxy
1668,tbc_crystals
1669,crystal_agate_westjava
1670,seowzhaborr
1671,sw_misstan
1672,ilovetaesomuch
1673,m.crystalsxo
1674,monologue.by.stefffs
1675,lynette_lengsin
1676,call.me.bridd
1677,iamjulietf
1678,shine.right.shine.bright
1679,phrogprince
1680,bananasbaynanas
1681,wai_yiing
1682,geniechew
1683,nowcrystal
1684,newsxz99
1685,_alltheluvthings
1686,ehverree.c
1687,joyyyycce
1688,mavisdestinee
1689,atiqs
1690,acoeury
1691,neptunie1004
1692,nikki.ko
1693,amazone_crystals
1694,yijieraffe
1695,decorated_crystal_shop
1696,geeactually
1697,miomi_three
1698,rossyng
1699,hamshala
1700,underwatershroom
1701,freyalevart
1702,sabr3cov3ry
1703,senorita.albarosa
1704,yilinsy
1705,fairycupcakes
1706,theresa_wonglj
1707,ohwesome
1708,kayatoastbaby
1709,eugenie_chew
1710,_jonaaa2
1711,haechansmysun
1712,iamxiaoheixiong
1713,hellosyuh
1714,shabxbxbxbx_
1715,pinkroundball
1716,therainystone
1717,water.melon.sg
1718,suddenly.crystalz
1719,gkai_ying
1720,vanzcold
1721,ganbloblo
1722,pulpfix
1723,majocrystals
1724,ynyaccessories.sg
1725,tipsypoops
1726,maretan
1727,callalilynn
1728,yolol.oves
1729,elfy.crystals
1730,hellocrystaladdict
1731,owlderainbow
1732,dustbinhugger
1733,nurpotater
1734,naturalsetone
1735,crystal.folks
1736,bigbos_agate
1737,veryhengheng
1738,jpl_lam
1739,caminhyun.h
1740,jcyz
1741,shin_cryz
1742,misydnil
1743,khrysttyy
1744,untitled.721
1745,cattoserena
1746,smallbitxhveryslutty
1747,himynameisroot
1748,riuki333
1749,notthatdawn
1750,suma.balakrishna
1751,lingjiale
1752,j.dolcemoderato
1753,bocrystals
1754,l.o.u.1.5.3
1755,cynthiasn_
1756,sh.yun
1757,zcw1811
1758,pohrei80
1759,goguma.story
1760,kavian_kss
1761,thequeen_boutique80
1762,healingjewlerybyjen
1763,aloisiusmummy
1764,nyamnyamcornn
1765,jess_chommers
1766,crystalyn.sg
1767,blanc_noirxx
1768,shabelwong
1769,mycollectionjournal
1770,irenelau23
1771,librarianak
1772,sojooru
1773,happyjeri
1774,brigchua
1775,babypepefrog
1776,krissyjas
1777,tehbing.siewdai
1778,rachellenhy
1779,jelenaroselle
1780,hellokeezy
1781,crysternity
1782,oreadscrystals
1783,finemineralsmorocco
1784,crystalapsara
1785,brinanana
1786,niyaochiputaoma
1787,sugarrainbowz
1788,winglmocha
1789,chensheng__wu
1790,crystalzhang351
1791,rockconcert.sg
1792,snowyting
1793,h.engsnaps
1794,missmiyake
1795,whillosophy
1796,acidicskyfall
1797,beautysparkle.sg
1798,hanhh23
1799,bluezyy
1800,sprinklescrystal
1801,rurus
1802,n_q_d
1803,livvyng
1804,honest_seller_crystals
1805,feliciaminzy
1806,lla_bel
1807,peaggie
1808,eroytic
1809,richmock30
1810,violet_beary3
1811,unevenchest
1812,iamcarrott_kc
1813,nengnengde
1814,e.elysiaa
1815,conshryh
1816,jaasperrrrrrr
1817,okwhere.co
1818,tellmercury
1819,cchonghui
1820,hollz_kitchen
1821,twobpencil
1822,vitamincyyy
1823,raysofthedark
1824,leetara
1825,factory1wholesale
1826,ribbonsandcream
1827,apoloniusbrief
1828,sauvixnonblanx
1829,pista.chio.pie
1830,5.20.6.xx
1831,ameliaeng
1832,rheius.rheighne
1833,aggy.pushpull
1834,wickedmoodz
1835,bberniiicee
1836,the3donuts
1837,iqnay
1838,selenethj
1839,tanhazel
1840,butterkey
1841,theoctoberroad
1842,michciel_
1843,whereheartsturnbrave
1844,tohyanyu
1845,erinylng
1846,minimalistic160
1847,cherylthelamez
1848,silentresonance
1849,missykireiii
1850,veronfallenangel
1851,jc_jonna
1852,wentingz
1853,mycrystallshop
1854,noniekins
1855,_jleleee
1856,seafoamagick
1857,jadech0w
1858,jlux_blessed
1859,jeenidarshan
1860,pocky_poh
1861,banbanluck
1862,ahgirl_choo_choo
1863,yyyeicarggg
1864,sadnova.hi
1865,tynag.1
1866,yxnling
1867,thvnderstrm
1868,window.inspace
1869,niniashalvin
1870,c0okiemomst3r
1871,tanteisann
1872,mygrammarsucksalot
1873,cookies4ndniunaii
1874,staphaniie
1875,kathleentrt428
1876,feiyf
1877,fionazyz
1878,jabkinski
1879,stellxcc
1880,wennnhuiiiz
1881,ling.in.utopia
1882,healing.hues.xclusive
1883,yvlol
1884,ginachh
1885,ahxin09
1886,quacko_quack
1887,kaei.x.crys
1888,apple_miss_whatever
1889,vane_tan
1890,polarbeardoggie
1891,staccato_legato
1892,shopgimmeco
1893,seahmh
1894,glendatohh
1895,verifiedcrystals
1896,deebodagiftdino
1897,jekjek8787
1898,joy_and_laughters
1899,dianexcrystals
1900,rooki3d3cor
1901,shii
1902,floatymelon
1903,touchmenotish
1904,zhuotaitai
1905,happyspacecrystals
1906,heimeiguix
1907,mybulgingtummy
1908,meuiire
1909,xinyingwxy
1910,perhapslovefoundme
1911,treacherousdaydreams
1912,jiyxng_23
1913,stellalalalalachuaa
1914,eq0leyla
1915,irrangtional
1916,jadedrocks
1917,_kenihelpyou_
1918,aquartzco_
1919,kuroomii13
1920,feliciahanhan
1921,yuki.stella.lala
1922,quartzy05
1923,friday.glitters
1924,sgcrystalah
1925,ellaie.co
1926,novencidomicheline
1927,creamystones
1928,lemon.squa3h
1929,samyjo70
1930,cl97
1931,bitcohustle
1932,karine_chee
1933,poppypeppery
1934,stra.wberrygems
1935,nightshadegem
1936,team_catering
1937,healing_crystal_sale
1938,jnexpresssg
1939,gemmie_rings
1940,world_0f_crystal_live_shop
1941,regi.crystals
1942,celestiqueday
1943,crystalstone333
1944,idc.rystal
1945,pixiepearl
1946,guessitsunrequitedlove
1947,cuttlewhale
1948,crystalynn.sg
1949,lacylilac
1950,mayy.byluna
1951,crystalstashx
1952,mk.monkeeeey
1953,ifyouseekstella
1954,jofluffycorn
1955,baby_havana
1956,juneeejing
1957,sharon_ngg
1958,smitten.crystals
1959,hminchanelle
1960,amberwolf__
1961,avocadocollects
1962,e8crystals
1963,iris.icy
1964,tay.cheng1
1965,agamem.yes
1966,tipsycrystals
1967,crystal_agate_westjava11
1968,imsl
1969,linkid91
1970,stxphxstxph
1971,indo_permatastore
1972,ocean_jasper_resale
1973,debmm23
1974,xuenimsaj
1975,donttessmee
1976,milartep2
1977,richardgerry_chen
1978,jojeeko
1979,moonkindtarot
1980,little.mumulin
1981,dear.d.ahlia
1982,pupucrystals
1983,phangsusie
1984,lilac.cee
1985,ger_kuang
1986,kae_crystals
1987,bysyhr_
1988,wondrous.hale
1989,theflaircrystals
1990,lalunecrystalline
1991,appleznblacksugarnnugget
1992,shopxnasha
1993,feyremor_9808
1994,crystal.wholesaler.sona
1995,heyjuuubee
1996,crystalphases
1997,oliviaxna
1998,einalem_og
1999,my._.lucky.star
2000,ma_de_lyn
2001,lunaelise.crystal
2002,howebrain
2003,christy0203
2004,dreamtosleepx
2005,anngoh333
2006,bebe_ufo
2007,beephoebeee
2008,silverscarlet11
2009,heyyyitsxin
2010,coolijslwndty
2011,diana.nursita
2012,valcheng
2013,65kyooo
2014,xmaggiequeenx
2015,stardustedcandy
2016,shopforcrystalsbobo
2017,orishaonni
2018,juneeqii
2019,troveofgaia
2020,xiaoweitan
2021,crztales
2022,crissychantellee
2023,oomymuses
2024,neya.a
2025,xuetingggg_
2026,x.xning
2027,gerger38
2028,oopseejayage
2029,xiaoying02
2030,luvk.rystals
2031,danii
2032,onceuponamacky
2033,superquackingduck
2034,sheepylu
2035,cookingmissus
2036,xy_1883
2037,keiracrystals_
2038,sandycxh
2039,nuhget0
2040,summerset_
2041,_sharonyeo
2042,crystalline.joyz
2043,felinemeows
2044,eclairetzs
2045,ivyyt
2046,hercrystalden
2047,rachlyp
2048,bigbellybread
2049,angelinesoh_
2050,patxpatriciaa
2051,d_ckof_
2052,joyfulicious_crystalz
2053,msxinz
2054,mythical.minerals
2055,andreanrimba
2056,_prisqz_
2057,queenehh
2058,anxj
2059,rgalxghl
2060,huiyeemomo
2061,ajtisat
2062,xua.ann
2063,kellyheng6
2064,dragon196788
2065,heyccarissa
2066,lesparisienneinfleur
2067,aquilascrystals
2068,chu_chup
2069,mpit_galery
2070,jiahuics
2071,mingyi.lim
2072,love_healing_crystal
2073,aiqicwyx
2074,a.nthea
2075,min.im.23
2076,tamelaine
2077,josephine.njy
2078,kerlynkoh
2079,pamerinllw_
2080,grace.yeoh.7169
2081,c.j.y.j
2082,melissaannayow
2083,jac_ang10
2084,jaeoheelle
2085,cryxtalalley
2086,daaadeee123
2087,cristallitek
2088,octwopus
2089,_deonlycountrygal_
2090,pretzelsmugs
2091,farah.deebss
2092,cinimodcinnamon
2093,ginalbt
2094,eiituunaa
2095,healing.feathers
2096,twinklelittlecrystals
2097,aura.jems
2098,crazyaboutcrystals
2099,vavavoom2.0
2100,yong_gaeun
2101,hogeniamrehc
2102,petragarden.sg
2103,quartz_myheart
2104,crystycrystals
2105,jenny_kellistin
2106,shiiiyaa
2107,gwenmokkk
2108,jr2marque
2109,crystalglazers
2110,lovessummerr
2111,pastel.krystals
2112,eggs.cry
2113,cloud9curio
2114,mylittlehealer
2115,chrys.talicious
2116,jasmintang
2117,cxh.angel
2118,chibi_cat_meow
2119,aeien
2120,yvonnelime
2121,manlinnn
2122,_charmaineniamrahc
2123,medmonster
2124,sharrelchia
2125,jacqueenx
2126,magpiegrace
2127,mira.idoraazman
2128,jessica_yang
2129,livtfeat
2130,lynn.lynn765
2131,ripxnzel
2132,ajisensoftboiledegg
2133,zitinglim
2134,jes.sng
2135,raczing
2136,healing_specimens_
2137,camille.csy
2138,greenmilkteawithpearlnosugar
2139,cheecheongfan
2140,mstallnicole
2141,thekayamummy
2142,simyee.crystals
2143,secret_earth_crystals787
2144,rinananass
2145,michikoe99
2146,_grx_ceee
2147,crystal_jewelry_shop_stones
2148,myfatecriesout
2149,chloepsh
2150,feraniatherry
2151,indonesian_agate_wholesale
2152,cleosbakes
2153,annatsb
2154,insaf_gemstone
2155,prismactually.sg
2156,mineral.copper
2157,crystal_black_magic
2158,juelyssaang
2159,intriguedby
2160,jolenesiow
2161,shanalee77
2162,stepcel
2163,eheng10
2164,lindadotcom
2165,idkidkidkeh
2166,earth.struck.crystals
2167,cl_funch
2168,yammy_momo
2169,grace_is_calm
2170,j.w_ling
2171,_riikalynn
2172,envyinwondrland
2173,shamsitabriz
2174,joannaaatang
2175,denisetll
2176,teddyhunk
2177,dcrystalbelle
2178,miss.starlightcrystals
2179,bimz4uu
2180,penny.ping.ping
2181,stevp.h
2182,junetouw
2183,peelian
2184,themeatic
2185,kimberlytan86
2186,selviakhoeswojo
2187,deareuns
2188,thecrystalcitizen
2189,druzy_cloud
2190,gu_nai_nai66
2191,d.aesungs
2192,enasaurus
2193,sarahsvll
2194,madafaakaaaa
2195,shiilicious
2196,kotextomyam
2197,sqsqlim
2198,t.rvesty
2199,jl_serendipity
2200,notaniaaa
2201,mich.tmy
2202,yingxua.nn
2203,isabelsqs
2204,baoxinnnn
2205,mel1.107
2206,minerals_seller
2207,almahyra_crystal
2208,annabelle1509
2209,crystal.trex
2210,lynncrystalz
2211,_q.mint_
2212,wholesale.crystal.madagascar
2213,diffanklesizes
2214,mapoy_johnstone
2215,luminecrystals.sg
2216,seowngoh
2217,cpoop1955
2218,annnnyang_
2219,jackk_jgjg
2220,krist.liling
2221,chubbychiao
2222,joanne.cxy
2223,nanalana__
2224,anne.tanniea
2225,pearlynwml
2226,jervios
2227,luella.ky
2228,wendyahzhen
2229,escapednugget
2230,negnoy
2231,pinklady3118
2232,mixhc
2233,ttianberries
2234,gladyscasati
2235,maycraft78_woon_ser
2236,aiddenchewww
2237,jstan091
2238,_bavani
2239,fooofshit
2240,itzz_cedmuffin
2241,_min.t_
2242,farbungg
2243,not.kirari
2244,szehui29
2245,rayehong
2246,yeos.truly
2247,dedebidincrystal
2248,mrs_choochoo
2249,weilingsih
2250,pgychpq
2251,songhuitan
2252,summerrainlove
2253,thewildbluebell
2254,tiffa_any
2255,chufeiiing
2256,kt.0__0
2257,desireeekwq
2258,bloop.bloopfish
2259,yanglu790526
2260,berps
2261,pangcarriee
2262,tajrayancalcitedream
2263,polishedmatrix
2264,cambay_art
2265,teukscrystals
2266,alliet__
2267,ewan_parko
2268,xuezhang412
2269,be.the.light.crystals
2270,eightkrystal
2271,yw_yuwen_yw
2272,cherylchongyr
2273,wingtreewl
2274,mycorner.stones
2275,iamstillah
2276,kinoimooie
2277,lovedbythelight.co
2278,jacintharr
2279,josparkles
2280,___elyn___
2281,reginatan_
2282,wen_tay
2283,kxllyv
2284,pauline_kin
2285,luna.may.6
2286,arieslingyan
2287,jules.eluj
2288,forest300
2289,kookiechim9795
2290,salvatorze_
2291,aries25x
2292,miraichanjm
2293,jvnyu
2294,idiuht
2295,sc4rlet.bitch
2296,wokeistar
2297,one.tamago
2298,time.n.mind.stones
2299,jaslinesss
2300,esmondp75
2301,suepingg
2302,shirlkaye
2303,hk.patricia
2304,ruth.yjj_
2305,dliu0507
2306,xbelieving_.in._thyselfx
2307,sunshinerainbowxy
2308,icantaffordbubbletea
2309,miyavbi
2310,sophia_ng5620
2311,sallytzq
2312,kinhee_crystal
2313,brendacharlottepeter
2314,daimerpassionement
2315,seehueykhor
2316,julynswx
2317,devinegems2015
2318,cynwithbin
2319,moneykelseyqian
2320,jacq.sim
2321,lingthebreadd
2322,cc_create
2323,abeautifulstone
2324,throwmehugs
2325,odette_crystals
2326,solace.crystals
2327,sp1cyg4l
2328,jackywinsonisme
2329,aprilzhuopeihua
2330,eternitymizu
2331,jhon_gemstones
2332,nanggai
2333,irene.hay
2334,euniceeeeeeeeeeeeeee
2335,joslyn07
2336,audreyleong_
2337,carnation_tsk
2338,mucinyun
2339,fated.it.is
2340,shir33nfun
2341,friendship.crystals
2342,geriko
2343,fizzna5
2344,sol.et.lune
2345,starlightcrystal333
2346,moonnmagiccrystals
2347,cindyhyz
2348,teklabooshkee
2349,jenn_mama_
2350,s.yiinggggg
2351,grumpyoldgranny
2352,clarelog
2353,irenekhaw80
2354,emilyswwt_
2355,77.happystones
2356,yudikguntara12
2357,ebuillentgems
2358,iyuseel
2359,healing.hues.crystals
2360,la_bonte_official
2361,cheangpuichun
2362,thegirlonthemoontarot
2363,all_things_crystals_
2364,international_gem
2365,natural_stones__gems_shop
2366,mahligai_naturalstones21
2367,crystal_flor_wholesale
2368,crystalrose.id
2369,marilyn.khaw
2370,the_crystal_seller
2371,shennachoo
2372,ione.der
2373,tinyxx_not_smol
2374,xinyi.i_
2375,mycrystalstash
2376,c_r_y_s_t_a_l_s_h_o_p
2377,sunshinerays.crystals
2378,rabbit28.crystal
2379,luckycat_crystal_wholesale
2380,the.blimeybunny
2381,rare_minerals1
2382,crytal_beauty_indonesia
2383,jaz_pur
2384,giciatcwi
2385,shahidhus910
2386,seller_ilham
2387,risingspiritcrystals
2388,pebblepetals.co
2389,qudooszindani
2390,agate_crystals
2391,mayyyphua
2392,mongsmongsmongsmongsmongs
2393,yuviee_hyc
2394,sophiaysx
2395,yangsen_carolyn
2396,liquinty_crystal_moon
2397,xjcwyx
2398,ji.ngyi
2399,gemmywhere
2400,fakni
2401,jadonyeo
2402,clemsipp.docx
2403,ongshcheryl
2404,michellelsl88
2405,_your.smexyindian_
2406,wendylxt_1992
2407,kyber.krystals
2408,crystalliving88
2409,crystalonlineshop.id
2410,upon.my.whim
2411,_____rhwl_____
2412,_tung12
2413,g_xcrystals
2414,itsthedivineinyou
2415,cmbyn._aicybm
2416,nats._.1117
2417,vellevng
2418,han_ritual
2419,xx.nycn
2420,x9febx
2421,yong_jq
2422,mamamiah821
2423,allpastels
2424,crystals.earth.healings
2425,jothemojo
2426,toastedpiggy_
2427,sereneclaire
2428,kahhweetan
2429,jessrebelicious
2430,zynette_lingling
2431,pig_pig_78
2432,yoketeng_
2433,nxwstarry89
2434,cwlcwl
2435,customymj
2436,roheet505
2437,blazeandchocolates
2438,tzy_chloe
2439,xxlynns
2440,iilluuhhss
2441,sheismyntleong
2442,starlovewy
2443,staceyphon
2444,staceyyong
2445,berliankreatifstoneseall
2446,gladia_swag
2447,gwoonhn
2448,jo.jrlingrei
2449,pik_a_chu_me
2450,witheroses_
2451,wanxin_belle
2452,bananaponcho
2453,see_stars21
2454,codiexjuno
2455,yeeshyn
2456,pr.mlg
2457,katherine.xj
2458,prism.is.here
2459,colleenthengg
2460,joanneokl88
2461,cheryllim_chan
2462,tting0116
2463,stellayhl
2464,tingting_serene
2465,cheryl_txy
2466,dancesingirl
2467,yelrihshep
2468,cyunshiang
2469,thestuffsreview
2470,jialijace
2471,_joserinetoh
2472,valxtarot
2473,fatlicia
2474,mikie_rachel_wong
2475,jbnybob
2476,emily_luv_yew
2477,a.glytter
2478,venice._.hi
2479,arielleshimin
2480,quirky_adventurer
2481,summer_tinkle
2482,my_life_is_epic_funny
2483,luluhislihah
2484,barbiekern
2485,best.tiramisu.sg
2486,tiredofphony
2487,cabochon4sale.id
2488,natural.crystal.55
2489,mineraldesing20
2490,glitzy.sg
2491,lilyautumn.k
2492,lil.secretgarden
2493,litingz
2494,sunil.gond.7311352
2495,meowstones
2496,lorettasees
2497,itsmaoow
2498,olivetreecrystals
2499,teemocrystal
2500,elainetan889
2501,hercrystals_
2502,jolleebeans
2503,cjavier_21
2504,crystalite.luna
2505,kiracrystals_sg
2506,sugsxz_
2507,jessicalesveno
2508,crystals_jewelry_store03
2509,bananamuffins
2510,pandacoupleplay
2511,x.beesy
2512,dingdang_thmaltipoo
2513,alice_cloud1
2514,jubalimeow
2515,justanothermermaidx
2516,pppurry
2517,msrachieboo
2518,zainab_ismail_7
2519,nettechia
2520,magisk101
2521,iolitebroom
2522,wtshe
2523,thecrystalvault.sg
2524,konfusie
2525,mk.hayashi
2526,patriciarondon
2527,dreinmemoirs
2528,y1ngzz
2529,crystal.milktea
2530,takemypulse
2531,dddondoet
2532,rachsparkle
2533,riannelien
2534,jineyyy_
2535,janicephuan
2536,gwenzyggy
2537,lushlashes.sg
2538,charleneyrx
2539,brothernaturalstone.indo
2540,shellasotong
2541,lynnzaa
2542,gypsygem.crystals
2543,yenicrystals_project
2544,ccarajdn_77
2545,fe.ri6752
2546,wonderlandlatelier
2547,f_e_crystall
2548,revanghipari
2549,katntania
2550,mayacrystalsupplier
2551,loving_stone_andcrystal
2552,neosauyong
2553,moonbeams.in.november
2554,callyyuufee
2555,kosame_evangeline
2556,mitraling
2557,hellomahjongco
2558,lianz_kw
2559,dins2003
2560,tinboxmemoirs
2561,twinklefairyyyyyyy
2562,jstshaddapla
2563,gwendelynsng
2564,sherynt
2565,foodialexchia
2566,rikochew
2567,xyl
2568,__withloveb__
2569,genique.jewel
2570,eywytu
2571,katherineting
2572,mictamntang
2573,pootatoboothang
2574,iam_puffypuff
2575,jamie_liing
2576,del_felsingher
2577,soulsooth
2578,hellojoeyt_
2579,fanghu_1
2580,_gladystang
2581,beckyjingqi
2582,0o0o0o0o0o0o0_o0o0o0o0o0o0o0o0
2583,sauccey
2584,thiago_boamond_
2585,sher2lyn
2586,stonnie
2587,wozaifangkong
2588,drieangell
2589,phyllis_siling
2590,emyshamimi
2591,crystora._
2592,dewy_wen
2593,ifefe
2594,xiaohlzz
2595,christinanana91
2596,supershiyinggg
2597,angelatwinkle
2598,sallychuah17
2599,_gemstown_023
2600,lynnllee
2601,romario_dos_teclados45
2602,unalome_crystal
2603,veradougherty88
2604,shanshineshan
2605,shirocrystals
2606,daylilystones
2607,demuresmile
2608,agnesliim
2609,aequo.rius
2610,jeje_stoneseller
2611,nutellanad
2612,dbl_i
2613,msxxxyyy
2614,mi___shell
2615,raindropc
2616,ooo.crystals
2617,jeelinee
2618,lassie.l.a.y.s
2619,tingxzxz
2620,may1310
2621,mingkydonut
2622,kaushalkingrana
2623,yoyopeony
2624,bubblebubblestea
2625,neelypn
2626,meidreamer
2627,mizuki_d_lsy
2628,a.crystal.affair
2629,dazzling_daphne
2630,zbkhdyw
2631,joicielicious_adventures
2632,elaineysl
2633,iqinyu
2634,ahtina
2635,nekostarrysky97
2636,cagvelasquez
2637,ohmyanchovy
2638,blackiiefreak
2639,zhihualow
2640,char_2809
2641,dreyliciouz
2642,cv_crystal_agate
2643,callmemr.fish
2644,iwan_gerung
2645,akcrystalx
2646,insatiablewanderlust_
2647,webeautiful_jewels
2648,annie.schram
2649,chegoh
2650,colour_palettes
2651,a.virgos.gems
2652,cateycate11
2653,crystal_throb
2654,the_branz_stone
2655,candlessbyj
2656,designe.rbrand
2657,bhuramdhaka
2658,keigem.co
2659,highquality.crystal.wholesale
2660,r.xyce
2661,jell0bunny
2662,wholesaleretail.crystal
2663,gabdoespilates
2664,zzzminlee
2665,carl.lee.9406
2666,sumpourage
2667,sarah.tans
2668,kaysiowwei
2669,angkekekeke
2670,janellepeh
2671,moonchildcrystal
2672,mikylim1206
2673,gerityp
2674,siyingstone
2675,petrieperrie
2676,kohpisiewdai
2677,msmindymindy
2678,dashiellx
2679,1.618mean
2680,clarra_tang
2681,jooarabelle
2682,pixieglowlab
2683,undivined
2684,marklosg
2685,ilovehatewisdom
2686,crystalbling_sg
2687,varsha_moonfire
2688,kkathie
2689,yooenomel
2690,shree_durga_s
2691,gerii_hiii
2692,jaslynpoh
2693,jodivastiliev
2694,gnileeyf
2695,icebleahz
2696,dara_crystal_wholesale
2697,akiiyu_t
2698,doristcp
2699,fakeyukicwx
2700,any.where_but.here
2701,miniature_starz
2702,wbestdad
2703,crystallined_
2704,tlxericia
2705,chew.carol
2706,poonpuiyee
2707,closetclearanceencounters
2708,lareina.__.07
2709,wholesale_gems.pk
2710,leelabhawan40027
2711,gemmycryxtals
2712,ayunatalia73
2713,teenagercrapper
2714,dokicrystals
2715,tootsiecrystals
2716,shikinnkhan
2717,qianglong
2718,jojolene.scrystal
2719,spiritually_rootedbotanica
2720,crystalshopwholesaler
2721,_magicalcrystals
2722,md.crystals
2723,michellechengin
2724,sparkle.joyous
2725,bearyzz
2726,crystalquartz01
2727,erictan989
2728,gemstone_crystalsale
2729,dordoi_logistik
2730,wanglongqin42
2731,xy.crystalwholesell
2732,marisssea_7
2733,fionalovepeanuts
2734,puffyitsme
2735,crystal_lovers___
2736,moltenlavagems_private_limited
2737,gemstone2021
2738,elestialdream
2739,thecrystalsworld
2740,mehran_khan_695
2741,alony9098
2742,crystal_xxsh
2743,jollycrystals
2744,happycrystal97
2745,crystal_wholesale_mr_b
2746,junot_aji
2747,crescent.moon.collective
2748,aurora_crystall
2749,ihurufylf
2750,gusjewelery72
2751,abbyxx
2752,suci_crystalshop
2753,xiang_crystal_wholesale
2754,thecrystalbarsg
2755,cottoncrystalssg
2756,aimullahcrystals
2757,crystalsfrommeg
2758,gerwyntan
2759,javacrystals93
2760,winnienielwy
2761,inthemindofes
2762,zhigao.li.14
2763,cryst_luna
2764,sadieaf101
2765,jm0310
2766,cindycrystalsphere
2767,amandatgx
2768,bulgogyu
2769,voltaire_kai
2770,anikadumbaf
2771,andrealuvslifex
2772,crystal_alpi
2773,queennikkijsmediumservice
2774,kiewtieee
2775,spiny.crystals
2776,mokunehneh
2777,bominableble
2778,stone_crystalshop
2779,yasmin_craftsman
2780,natural_crystal_queen
2781,aiyingcryatal
2782,quartzark
2783,alohawhoohoo
2784,actigo___
2785,crystalcupboardstore
2786,xodu_s
2787,huhaijian111
2788,cryssac.tals
2789,shirley._.csl
2790,_juzpeachy
2791,cv.crystal_world
2792,cobochonspheres
2793,ahyuansan
2794,cv.indoboyeng_permata
2795,seetreeeens
2796,moonamaia
2797,mr_trey
2798,bin_muhd6057
2799,togetherness68
2800,agaagathe08
2801,amtbcrystals
2802,kiyomi_katayanagi
2803,lynnneoo
2804,auraette.gems
2805,melissalsl
2806,esthestelle
2807,benanamin
2808,tainted_craft
2809,lunalululalun
2810,eggyolkcrystals
2811,selinec_12
2812,alan_crystal.wholesale
2813,starryroyal
2814,crystalwholesaler_meng
2815,happydayscrystals
2816,f.twq_crystal
2817,kgilbert37
2818,lucky_crystal_shop
2819,peytengt
2820,qudoos6899
2821,crystalandmineral
2822,lemonteascent
2823,crystal_galaxy25
2824,dreambythemoonandsun
2825,crystaldragonhunter
2826,ishekkaa.tarot
2827,catscrystals1995
2828,the_papillon_
2829,kaykay_licious
2830,aasaas544
2831,cahayastone2
2832,pridewhiskey
2833,eloy_stone123
2834,egi_stone
2835,troublemakerfifi
2836,beckyanne_
2837,kitchenkeroro
2838,innerpeacecorner
2839,kreateandkolor
2840,audreysummeraurora
2841,minminq_
2842,jcrystraller
2843,lizhu2712
2844,azidasehab
2845,abah_crystalagate
2846,likeanass
2847,rainbowaffles
2848,hanburgercrystals
2849,stonejewelry99
2850,rineahring
2851,sweet_shimily.xxb001
2852,barkahmubaroq
2853,galaxycrystalsstore
2854,gebeixx
2855,zechariah_h
2856,tricia_teong
2857,icrystalminerals
2858,mins.dynasty
2859,filamentfallopiantube
2860,howlite.that
2861,kennethleeism
2862,galerystone62
2863,j4ck4r3n
2864,aliceindonatural_stone
2865,uixxiu84
2866,vonbo88
2867,rahafacrystalinsdonesia
2868,wrongperson
2869,lecrystalbabies
2870,metaphysicalcandy
2871,mydreamgemz
2872,anam_agate_export
2873,benloo88
2874,agateiwan
2875,the.handmadepolished
2876,crysto.light
2877,jonnywhoosh
2878,chrysocolla.gmstone
2879,indonesiacrystalstone
2880,mcwy88
2881,vanessakori
2882,evillysarahjoy
2883,stellasans
2884,mimiloveve
2885,huiyen79
2886,pxsi
2887,fated.hazzie
2888,christyngu1201
2889,twelvexxdays
2890,nanthu933
2891,cforcassandra
2892,eleanor_neo
2893,callisa_rachel
2894,al_crystal_ship
2895,ofjlpxwellness
2896,julianatlw
2897,phyphyxie
2898,jo._justjo
2899,liyu.t
2900,lattes_81
2901,wa.hahaah
2902,yaaanlin
2903,lulucrystalsx
2904,twoofusco
2905,amoulicious
2906,imaginecrafter
2907,thecloud9co_
2908,spyuan00
2909,crystalwholesale_chn
2910,crystal.ynn
2911,_th4sh
2912,toska_raw
2913,viktortraussnig
2914,wholesalecrystal.jasmine
2915,thevestalflame
2916,vdl.crystals
2917,monasaf21
2918,kirakrystals
2919,novus_minerals
2920,tanweenie1994
2921,crystariumsg
2922,pinkiedinkies
2923,stone.soop
2924,cand.ysparks
2925,fatema_crystals
2926,lawanj0reen07
2927,oeqly_rock_crystal
2928,burrpeople
2929,lynnsayscrystals
2930,lainefern
2931,andguy82
2932,gemjewelry__
2933,reginareigns
2934,spreadthylurve_sg
2935,patriciaqisya
2936,ucantgetchenyu
2937,o3unic3o
2938,tongt.wang
2939,elysiancrystalhealing
2940,arvin_de_torres
2941,best_crystals__seller
2942,sanlihe_crystal
2943,catalize.d_crystals
2944,earringsbyells_
2945,klee59279
2946,sanecoast
2947,______v.tan______
2948,navishasellerstone
2949,amirramdan028
2950,xueping88
2951,thatcrystalstudio
2952,13ubbletea
2953,nan_12
2954,thecandyongla
2955,e.t.t.1.2.3
2956,proheroteleka
2957,suzuecollections
2958,xladyqqx
2959,leoricang
2960,anya_crystal_shop
2961,gararetek.crystals
2962,cryslal240
2963,the.elephant.moon
2964,laurellim_
2965,xbsltx
2966,tammyjackson5614
2967,sharan.cheema.902
2968,jarhui
2969,new_crystalz
2970,lenghorngyunn
2971,crystalier.sg
2972,dingdongdangdongbell
2973,ramlanathala
2974,leo_crystal1
2975,shaunlimjj
2976,jasxoxo
2977,gomes_stones
2978,shaunchuaa
2979,claraojm
2980,rochelle.toney
2981,anastasia_ho
2982,nik.ki888
2983,cookies.jo_13
2984,quvan
2985,thelxstqueen
2986,yangyuling743
2987,maiamuzzy
2988,thea__li
2989,hgsheng
2990,vinhomecookedparadise
2991,ali335231
2992,anavatigi
2993,imzanchou
2994,crystal_indo_permata
2995,queenie.007
2996,omykira
2997,sunsetgems_
2998,yours.fatefully
2999,alapricorn
3000,mr.zestlim
3001,crystallovefeby
3002,emmesays
3003,shopteatimejewel
3004,jasjusgems
3005,amour.luna_
3006,tkengseng
3007,gemstoneromi
3008,shvetsov452
3009,paijem_uyeehh
3010,nfimpex3
3011,esther.chia
3012,hilairepoussy
3013,customgift.ca
3014,pinkmoonlights_
3015,ao_icery_azure
3016,actamactan
3017,heypiblee
3018,crytsal_6202
3019,exponential_joy
3020,sassy_betch_since_birth
3021,abid_gems_traders
3022,clarabeltan
3023,janicesukamto
3024,sistercrystals
3025,debs19672019
3026,evangeline90
3027,annlim2289
3028,chloesgemsco
3029,soffia10061988
3030,teng_8888
3031,crystalwholesaler_candy
3032,krztera
3033,centeredcore
3034,satria_fire_naturalgems_
3035,nat_lyn_toh
3036,gabrielangbh
3037,shopmoonporium
3038,angkukuei
3039,moms_crystal
3040,tilcie_
3041,jacky3661112
3042,moonflow.crystals
3043,livin.crystal
3044,missmisomisa
3045,sirsakcrystal.moon129
3046,veron_sofie99
3047,alexcrystalshop
3048,sophia_faithchan
3049,shiny.snowflakes
3050,rarhod.v
3051,tsunami.crystals
3052,sincerest.stars
3053,stone_natural_indonesia
3054,gemst_oneshop
3055,serena_woojw14
3056,andrewawanp
3057,darrellttk
3058,sagara_agate
3059,aisuhiyake81
3060,geneahtan
3061,indo_crystals1990
3062,icrystalsg
3063,ongjapi
3064,mayaratna.crystals
3065,moonrisehaven
3066,ivantan022388
3067,_milanlu
3068,cikwin877_
3069,devinking868
3070,starship_pink
3071,ocean.minn
3072,paaige__marie__
3073,cherxcrystals
3074,s.o.m.a.y.eh.h
3075,petromax_arts82
3076,lornacampion
3077,green_eye_mineral_collection
3078,m3altingheartz
3079,lovely_dutchess88
3080,ong1840
3081,for.the.love.of_goddess
3082,phablo_agate_stone
3083,lu_7eo
3084,assellcrystaldruzy
3085,nakimmalek
3086,chhun_sreytoch
3087,maggirico
3088,jaluziprofi.ru
3089,eqseqs_
3090,norsu.natasha
3091,aradia_deadellaluna
3092,intothethickofit.ofc
3093,baranf57
3094,limnicemyself
3095,karyaalamstone
3096,littleshinybum
3097,shuyi8576
3098,the.cinn
3099,crystalhealing_168
3100,mahr1786
3101,veron_shuen
3102,tracyhobbs369
3103,skycrystalagate
3104,_tczh
3105,veronica_girlboss
3106,crystal.supplier
3107,princess_qistina9275
3108,andri_ynrmto
3109,agaye_amlak2
3110,gfhgdhgdhg
3111,crystal_baqir
3112,jenny77cube
3113,michellemah0923
3114,ryan.genth
3115,ablepirezy
3116,charmainee0323
3117,crystal_citasuci
3118,crystalzpanda
3119,happy.crystals.vibes
3120,joyouslife84
3121,choonggabriel
3122,_130.96_
3123,yijia_xxa
3124,hidayatbinnoh
3125,nicolas291201
3126,ger.crystals
3127,lacasadelasfotos733
3128,customymahjong
3129,sevin.hosen
3130,shopkustomise
3131,sgmoosor_official
3132,aabid.luhar.90
3133,ink.decisive
3134,kyle.zk
3135,ximagnesx
3136,dainty.ace
3137,j_acew
3138,hazelhazzie
3139,krystaltjh
3140,jacqc25
