,index,date,caption,comments,likes
0,0,2022-03-25 11:42:33,"Vivified triangulation of geometric flame, made up by layers of tinted calcites, crests the forefront of this crystal. Complementing the composition are stubby points of amethyst lying atop a bed of golden goethite inclusions. A visually softer, nurturing tonality pervades this unique specimen; where such traits hold essential to one's development of great inner fortitude and strength.

#crystals #gemstones #mineral #amethyst",0,36
1,1,2022-03-19 11:57:26,"Saturated glassy amethyst piques one's awareness to rectify limitations pertaining to situations and conditioned beliefs. The elegant crystalline scape is perfected by neatly colonised voluminous towers of dog-tooth calcites; as though its dynamic formation instills the highest will and ideals of Mother Earth. A truly exquisite Brazilian specimen!

#crystals #gemstones #mineral #amethyst",0,43
2,2,2022-03-15 03:42:02,"Finest formations of dog-tooth calcite take precedence atop an agate backed amethyst cluster. With an array of glossy violet hues that frame the elegantly tapered calcites into a mass of geometric luminescence, this exquisite Brazilian specimen brings a presence of light exuberance into any interior spaces that it is displayed in.

#crystals #gemstones #mineral #amethyst",0,45
3,3,2022-03-10 11:49:57,"TAMZAâ€™s second article has finally been launched! Get in touch with mindful exploration through the topic of â€˜Establishing Safe Spaces In The Heart Of The Urban Landscapeâ€™. (Link in bio)

This is no surprise that in the bustling city of Singapore, we often find our mental and emotional states frequently tether between reactivity, passivity and neutrality. It would help if we can consider how the spaces that we reside in, such as work and home environments, affect our psychological well being, and vice versa. Also, in what ways does creating the appropriate safe spaces in our lives, together with our Mineral Kingdom, strengthen our tenacity to traverse higher to reach our goals?

Stressors of life and unpredictable circumstances are inevitable, yet we do not have to succumb to the repetitive patterns of distortion and discomfort. The time of following our inner urge, our truth and creativity is now. From uncovering the concept of space, to engaging with our senses and rediscovering our sovereign nature through safe spaces, letâ€™s begin the chapter of unraveling the tangible potentials of our human experience.

Hope you enjoy our latest article!

#safespace #crystals #gemstones #mineral",0,81
4,4,2022-02-15 11:05:48,"The culture at TAMZA has, over the years, organically grown to become a safe space for many of our friends and customers. Whether it is to take a breather from the busy work schedule, a time for bonding with friends, a place for the exchange of insightful conversations, or simply to enjoy commercing for oneâ€™s crystal fix. From our wide array of crystals and minerals, to the mindfully curated lifestyle products such as essential oils and organic incense, there is much to see, feel and explore!

Imagine sitting on your favorite couch, being at your desk in the bedroom, tending to your garden, taking a walk along your favorite nature path, or getting intune with your mind and body through yoga practice. The curated items at TAMZA may serve as tools you can use to create or enhance your existing safe spaces.

Feel free to approach our staff at the showroom for recommendations that best suit your needs. Sometimes simply thinking out of the box and acting on that creative impulse is all it takes to bring in more fulfillment into your life.

PS: Stay tuned for our upcoming article on Safe Spaces that we will be launching very soon!

Photo: Max from @evolvephysiotherapysg exploring our selection of essential oils for his studio.",4,138
5,5,2022-02-09 13:12:00,"Ever thought of the importance of having a Safe Space? How essential it is, and how does it look and feel like to you? 

Occasionally we encounter mentions of the words â€˜safe spaceâ€™, and especially more so now since the interest for mental and emotional wellness over the past decade is on the rise. Perhaps it is also in these unprecedented and transformative times, where as individuals we start to seek to create patterns of the new; whether it be rectifying limiting beliefs and habitual patterns, or creating better versions of ourselves. Having a safe space also helps to break the mold to the patterns of our usual activities, which allows one to process events, interactions with others, and thoughts or emotions experienced and picked up during the day.

PS: Stay tuned for our upcoming article on Safe Spaces that we will be launching very soon!

#crystals #gemstones #mineral #singapore",1,63
6,6,2022-01-17 08:49:15,"Enormous penetrative cubic twinning habit highlights this premium Peruvian Pyrite specimen. Fractalized areas of smaller crystal aggregates lend a blissful charismatic accent. As specimens of geometrical diversity to behold, Pyrite also crystallize into other formations of pyritohedrons, octahedrons, and even the more captivating icosahedrons. So come on down and check out these marvellous specimens at our showroom today!

#crystals #gemstones #mineral #gold #pyrite",3,63
7,7,2022-01-12 06:12:48,"Encrusted on a mass of intensely glimmering pyrite is a secondary layer of quartz. Harboring an intuitive flow of deliberation, its quartz keep the matrix of pyrite concealed, where only the most pristine aspects are exhibited. The formlessness of quartz closes up into an array of countless crystallised points and thus unifies the finest geometric qualities of both minerals.

#crystals #gemstones #mineral #gold #pyrite",0,38
8,8,2022-01-10 09:06:10,"Premium Peruvian Golden Pyrite cluster. Unbashful, unapologetic and brazen constitute to the qualities reflective of the light projected out from every facet of this Pyrite specimen. Forget about 'the light at the end of the tunnel' as its vibrancy lavishes even the innermost brackened corners of one's psyche. A bold statement piece that serves reminder for oneself to move forward confidently even on days that you feel you're not enough.

#crystals #gemstones #mineral #gold #pyrite",1,35
9,9,2021-12-17 07:55:45,"Fossils of ammonites (Blanfordiceras Wallichi) like the one in the image are found in the high altitude of Nepal, specifically along the riverbanks of a single tributary called Kali Gandaki River in Jomsom/Muktinath. These 150 million-year old fossilised shells, which are older than the Himalaya itself, retain their impeccable texture and are found embedded in black shale, often naturally tumbled by the river. They are highly regarded by the locals in the Himalayan, and is known as Shaligram.

Available for purchase only in our physical store. (Sold out)

#fossil #shaligram",0,26
10,10,2021-12-09 14:13:24,"The land of the great Himalaya used to be an ocean floor 65 million years ago. Due to the collision of the Earthâ€™s plates, this piece of land was eventually raised to such high elevation. Fossils of ammonites like the one in the image are found in the high altitude of Nepal, specifically along the riverbanks of a single tributary called Kali Gandaki River. These 150 million-year old fossilised shells retain their impeccable texture and are found embedded in black stone, often naturally tumbled by the river itself. They are highly regarded by the locals in the Himalayan, and is known as Shaligram.

Available for purchase only in our physical store.

#fossil #shaligram",0,38
11,11,2021-12-08 07:57:48,"Remains of an ancient ocean. The land of the great Himalaya used to be an ocean floor 65 million years ago. Due to the collision of the Earthâ€™s plates, this piece of land was eventually raised to such high elevation. Fossils of ammonites like the one in the image are found in the high altitude of Nepal, specifically along the riverbanks of a single tributary called Kali Gandaki River. These 150 million-year old fossilised shells retain their impeccable textures and are found embedded in black stone, often naturally tumbled by the river itself. They are highly regarded by the locals in the Himalayan, and is known as Shaligram.

Available for purchase only in our physical store.

#fossil #shaligram",1,55
12,12,2021-09-24 07:20:49,"An expansively magnificent crystalline starburst aneled by dense meteoric inclusions is one in a million; yet even that is an understatement for this stunningly rare black-tip auralite cluster. The billion year-old specimen is a generous amalgamation of luscious points that protrude into a galactic blossom. A reminder of the seemingly uncanny but unique qualities within oneself, when supported and nurtured, manifests into full glory.

#crystals #gemstones #mineral #auralite",3,48
13,13,2021-09-23 09:18:25,"An atypical variety of Auralite Amethyst handpicked from the boreal forest of northwestern Ontario, Canada. Owing to the compact quality of metallic inclusions found within these rare black-tip auralite, this positions them as a compelling anomaly in the auralite family. Witholding a perfect equilibrium to the natural concoction of metal and crystal, these formations are the historical evidence of incessant meteorite activity in the ancient past which transformed the surface of our Earth.

An unearthly ease is en-captured by the immortalised flow of this specimen's even-sized points. Energies of nature's cosmic elements molded a vision forged in the stars, with the fire of motivation and the equanimity of control. Without the thwarting influence of resistance, and with the conscious art of allowing and letting go, can the purest blueprint of creations manifest.

#crystal #gemstone #mineral
#auralite",0,47
14,14,2021-09-21 11:16:31,"An atypical variety of Auralite Amethyst hand-picked from the boreal forest of northwestern Ontario, Canada. Owing to the compact quality of metallic inclusions found within these uncommon black-tip Auralite, this positions them as a compelling anomaly in the auralite family. Not characterized by distinct chevrons of a classic Auralite Amethyst, but by the regal contrast between the buoyant mass of earthly & meteoric metal inclusions and a greyish lilac amethyst base.

""This enchanting and gentle ascending landscape hosts numerous volcanoes with the assuming trait of dormancy; or are they arcanely active? Yet as the explorer with naivety and an untainted heart of a child embarks on the journey towards uncharted territory, captivating treasures, represented by numerous glittery nano beta quartz are bestowed.""

#crystal #gemstone #mineral #auralite",1,57
15,15,2021-09-05 14:58:27,"[Grounding] Cathedrals of fir evergreen stand firmly atop the precipice of the great Himalayas, as nourishing resinous sweet woody scent perfuses the air. The antidotal benefits of the oil, which is distilled from the needles of the Silver Fir trees, provide support to respiratory health, aids sensory grounding, and alleviates heaviness of fatigue. Prime yourself to experience the reassuring foundations of the Earth's turf.

Ingredient: 100% Himalayan Silver Fir Essential Oil (Premium)
Species: Abies spectabilis

Wildcrafted in Nepal.",0,13
16,16,2021-09-05 14:46:41,"[Bestseller] Bring the inspiring scent of the sacred Peruvian forest closer to you. Distilled from the berry-like fruits of palo santo trees, the oil carries a scent of sweet citrus with a touch of woody pine that perks our senses. Feel inspired, charismatic, and ever-ready for each new day that you partake.

Ingredient: 100% Palo Santo Fruit Essential Oil (Premium).
Species: Bursera graveolens.

Wildcrafted in Peru.",2,47
17,17,2021-09-05 14:40:14,"[Sensuous] Bask in the enriching tropical floral qualities that stir up primordial instincts. As you attune to the rhythmic nature of your emotions, uninhibited sensuality and creativity flows. Ylang Ylang soothes the nervous system into comfort for connection to foster, just like the movement of rapids cascading into an unfleeting river of serendipity.Â 

Ingredient: 100% Ylang Ylang Essential Oil (Premium)
Species: Cananga odorata",0,22
18,18,2021-06-02 12:16:56,"Even though a consensus for the account of how Libyan Gold Tektite was created is still unreached by the absence of an assigned sound crater site, evidences such as the presence of brownish green schlieren and partially digested mineral phases, lechatelierite and baddeleyite, strongly point to its cosmic origins.

Culturally, similar to its green Czech Republic counterpart moldavite, the Libyan Gold Tektite is a rare gold-hued highly translucent variant of the tektite family that carries a rich history. From the deadly arrowheads crafted for nomadic hunting, then exalted in Egyptian culture to become a statement piece of the late King Tut's breastplate, and now made accessible into the hands of modern day collectors, there is no doubt that the cosmic mystery of this golden tektite shall continue to inspire and intrigue many for generations to come!

#crystals #gemstones #mineral #libyangoldtektite #tektite",0,40
19,19,2021-05-28 12:30:27,"A collaboration of wind and sand over eons gives artisanal touches to this flame-like Libyan Gold Tektite. Inclusions, upon microscopic inspection often reveal bubbles, crysobalite and zircon crystals, collectively congealed into a soulful swirl where composition of energy and movement immortalized. Its unique sculpture personifies the role of a searing fire that transforms deeply rooted negativity or conditionings into light.

#crystals #gemstones #mineral #wholesale",2,41
20,20,2021-05-26 12:32:48,"Part extraterrestrial in nature, the Libyan Gold Tektite found in the remote deserts bordering Egypt and Libya, was birthed through meteoric event that occurred 29 million years ago. Dual textures of glossy-pitted and matt-smooth sides indicate both extraterrestrial intervention and terrestrial wearing. Coupled with a disk-shaped silica body framed in simplicity, this specimen reminds one of the soothing magnanimity of the stars beyond our earthly home.

#crystals #gemstones #mineral #libyandesertglass #libyangoldtektite",5,64
21,21,2021-04-05 13:02:11,"Dragon Blood Sage Smudge Stick (9â€) - White Sage coated with Dragonâ€™s Blood resin, a dark red natural plant resin. When burnt, the Dragonâ€™s Blood resin adds a touch of exotic woody, floral tone to the familiar scent of White Sage. The fragrance produced is effective in masking unwanted odours in your homes.  Dragonâ€™s Blood resin is often used for mediations, relaxation, and rituals to cleanse and protect spaces. Many prefer to use this smudge stick simply for the unusual, cooler look!

Feel free to visit our showroom at Sunshine Plaza, Singapore, to learn more about the method of smudging!

#crystals #gemstones #mineral #sage",0,68
22,22,2021-04-05 12:59:10,"Sold out: White Sage Smudge Stick (6â€) - In our humble effort to ensure the sustainability of the wild Sage population and also to respect Mother Nature, we have decided to make the switch to organically grown White Sage. They are free of toxic heavy metals that would otherwise irritate our throats and respiratory tract. When burnt as incense, which is a process known as smudging, the sage produces a strong aroma with an earthy flavour. It is often used as a ritual tool to cleanse a space, relieve anxiety, and enhance intuition due to the presence of a mildly psychoactive ingredient. Also, the smoke produced is known to have antimicrobial & antibacterial properties and could repel insects.

Feel free to visit our showroom at Sunshine Plaza, Singapore, to learn more about the method of smudging!

Wholesale and retail purchases are both welcome. 

#crystals #gemstones #mineral #sage",0,38
23,23,2021-04-05 12:56:14,"Blue Sage Smudge Stick (4â€) - Originated from North America and much respected by the native Americans, the Blue Sage is often used as a smudging tool for healing and cleansing. It is regarded as a traditional remedy to reduce stress, boost cognition, and alleviate certain mood disorders. When burnt as incense, a light herbaceous and floral fragrance is produced. For those who find the aroma of White Sage overpowering, you may like to try Blue Sage instead. Both the leaves and flowers of the Blue Sage plants are tied together in a small bundle for convenient use.

Feel free to visit our showroom at Sunshine Plaza, Singapore, to learn more about the method of smudging!

Wholesale and retail purchases are both welcome.

#crystals #gemstones #mineral #sage",0,37
24,24,2021-02-08 08:13:28,"Mother Nature repairs rupture and fills all voids. Where there is destruction, there is reformation. This is no less represented in this miniature Canadian White-tip Auralite specimen. Crowned with a cluster of white phantom formations that are capped with clear smoky tinged quartz points, this crystal is further 'glaced' with micro reservoirs of sparkly druse; the result of natural self-healing.

#crystals #gemstones #mineral #auralite #amethyst",0,33
25,25,2021-02-06 05:41:06,"The White-tip Auralite is one of, if not the rarest, variety in the Canadian Auralite Amethyst family. With just enough subtle hints of purple to pass off as amethyst, it is interlayered with translucent quartz body and multiple white phantoms leading up to a macro-crystalized point. Capped with translucent quartz head that is dusted with speckles of hematite and a 'pinch' of goethite needles, its pristine aesthetics definitely testifies to the statement, 'less is more!'

#crystals #gemstones #mineral #auralite #amethyst",1,56
26,26,2021-02-05 13:52:11,"An arrowhead, a dynamic multi-terminated pyramid, and an exceptional masterpiece sculpted by Mother Earth. A uniquely stylish yin yang effect carried out by the definitive layers of white phantoms strategically formed beneath the Canadian Auralite Amethyst's black quartz head. When light hits the surface, an unbelievable plane of rainbow that spans throughout its main facet unravels.

#crystals #gemstones #mineral #amethyst #auralite",0,70
27,27,2020-09-05 11:45:43,"Fresh arrival: Premium Palo Santo incense sticks and loose white sage leaves.

Our Peruvian Palo Santo are harvested in an environmentally sustainable and ethical manner. The wood are obtained from trees that die naturally; not a single tree is felled deliberately for the purpose of incense production. Our aromatic wood have high oil content that give the sticks a deep yellowish tint, a gentle wet gloss, and a strong fragrance with woody note and distinct touch of citrus. The oily component also allows the sticks to catch fire easily for burning.

Our fresh batch of loose sage leaves are sustainably harvested from the wild in California and are free of toxic heavy metals that would otherwise irritate our throat and respiratory tract. When burnt as incense, which is a process known as smudging, the sage produces a strong aroma with an earthy flavour. It is often used as a ritual tool to cleanse a space and enhance intuition due to the presence of a mildly psychoactive ingredient. Also, the smoke produced is known to have antimicrobial properties and could repel insects.

#crystals #gemstones #mineral #palosanto #sage",4,126
28,28,2020-09-02 14:14:46,"Extra premium Palo Santo incense sticks from Peru. Can you smell the sweet, complex fragrance from the picture?

Our Palo Santo are harvested in an environmentally sustainable and ethical manner. The wood are obtained from trees that lived its entire lifespan and died naturally. The resin are produced in abundance only when the dead trees are left in the wild for natural processes to occur. Our aromatic wood have high resin content that give the sticks a deep golden-yellow tint, a gentle wet gloss, and a strong fragrance with woody note and distinct touch of citrus. The oily component also allows the sticks to catch fire easily for burning. The quality is undeniable!

A single pack of Palo Santo for sale contains approximate 11-13sticks (>Â 80g), as shown in the second image. $20 a pack.

#crystals #gemstones #mineral #palosanto",14,129
29,29,2020-09-02 12:56:27,"Californian White Sage leaves. Have you seen how gracefully the smoke dances?

Our fresh batch of loose sage leaves are organically grown and are free of toxic heavy metals that would otherwise irritate our throat and respiratory tract. When burnt as incense, which is a process known as smudging, the sage produces a strong aroma with an earthy flavour. It is often used as a ritual tool to cleanse a space and enhance intuition due to the presence of a mildly psychoactive ingredient. Also, the smoke produced is known to have antimicrobial properties and could repel insects.

Our freshly harvested sage is really that awesome. You are welcomed to ask for a free sample! Sample is available for walk-ins only. 

#crystals #gemstones #minerals #sage #crystalwholesale",3,74
30,30,2020-08-17 10:26:53,"Peach Selenite Freeform Lamp.
Height: 20-30cm 
Breadth: Over 10cm
Thickness: Over 10cm
Each lamp comes with a set of wire and a LED bulb. The bulb and its holder are hidden within the lamp. 

Warm light is recommended to enhance the feature. As each Selenite lamp is carved by hands, irregularity in form and dimension are expected. There may also be natural flaws such as mineral inclusions and surface irregularities.

For individual purchase, you may visit our physical shop at Sunshine Plaza, Singapore. Please pm us for wholesale enquiries. MOQ: 10 pieces.

#crystals #gemstones #mineral #selenite

For more selenite products, please visit @selenite_singapore",0,18
31,31,2020-08-17 10:25:35,"White Selenite Tower Lamp.
Height: 30cm 
Breadth: 10cm
Each lamp comes with a set of wire and a LED bulb. The bulb and its holder are hidden within the lamp. 

White light is recommended to enhance the feature. As each Selenite lamp is carved by hands, irregularity in form and dimensions are expected. There may also be natural flaws such as mineral inclusions and surface irregularities.

For individual purchase, you may visit our physical shop at Sunshine Plaza, Singapore. Please pm us for wholesale enquiries. MOQ: 15 pieces.

#crystalwholesale #crystals #gemstones #mineral #crystalwholesale

@selenite_singapore",2,26
32,32,2020-08-17 10:22:29,"White Selenite Tower Lamp.
Height: 20cm 
Breadth: 9cm
Each lamp comes with a set of wire and a LED bulb. The bulb and its holder are hidden within the lamp. 

White light is recommended to enhance the feature. As each Selenite lamp is carved by hands, irregularity in form and dimensions are expected. There may also be natural flaws such as mineral inclusions and surface irregularities.

For individual purchase, you may visit our physical shop at Sunshine Plaza, Singapore. Please pm us for wholesale enquiries. MOQ: 15 pieces.

#crystals #gemstones #mineral #selenite #crystalwholesale",0,21
33,33,2020-08-17 06:50:34,"White Selenite Iceberg Lamp.
Height: 15cm (approx) 
Breadth: 9cm (approx) 
Each lamp comes with a set of wire and a LED bulb. The bulb and its holder are hidden within the lamp.

As each Selenite lamp is carved by hands, irregularity in form and dimension is expected. There may also be natural flaws such as mineral inclusions and surface irregularities.

For individual purchases, you may visit our physical shop at Sunshine Plaza, Singapore. Please DM us for wholesale enquiries. MOQ: 15 pieces

#crystals #gemstones #mineral #selenite #crystalwholesale",2,17
34,34,2020-08-17 06:49:22,"White Selenite Lipstick Lamp.
Height: 20cm (approx) 
Breadth: 8cm (approx) 
Each lamp comes with a set of wire and a LED bulb. The bulb and its holder are hidden within the lamp.

Most of our selenite lipstick lamps have a pleasant tint of yellow, due to the presence of iron oxide. Warm light is recommended to enhance the feature. As each Selenite lamp is carved by hands, irregularity in form is expected. There may also be natural flaws such as mineral inclusions and surface irregularities.

To purchase, you may visit our physical shop at Sunshine Plaza, Singapore. Please pm us for wholesale enquiries. MOQ: 20 pieces.

#crystals #gemstones #mineral #selenite #crystalwholesale",0,11
35,35,2020-08-17 06:46:21,"White Selenite Spiral Lamp.
Height: 30cm (approx) 
Breadth: 9cm (approx) 
Each lamp comes with a set of wire and a LED bulb. The bulb and its holder are hidden within the lamp.

As each Selenite lamp is carved by hands, irregularity in form is expected. There may also be natural flaws such as mineral inclusions and surface irregularities.

For individual purchases, you may visit our physical shop at Sunshine Plaza, Singapore. Please DM us for wholesale enquiries. MOQ: 10 pieces

#crystals #gemstones #minerals #selenite #crystalwholesale",1,14
36,36,2020-08-17 06:44:41,"White Selenite Sphere Lamp (Sold out) 
Height: 15cm (approx) 
Breadth: 12.5cm (approx) 
Each lamp comes with a white Selenite base, a set of wire and LED bulb. The bulb and its holder are hidden within the lamp.

White light is recommended. As each Selenite lamp is carved by hands, irregularity in form and form is expected. There may also be natural flaws such as mineral inclusions and surface irregularities.

For individual purchases, you may visit our physical shop at Sunshine Plaza, Singapore. For wholesale purchase enquiries, please DM us. MOQ: 10 pieces

#crystals #gemstones #minerals #selenite #crystalwholesale",4,26
37,37,2020-08-17 06:42:56,"White Selenite Fire Bowl Lamp with Peach Selenite Cubes. 
Height: 20cm (approx) 
Diameter: 20cm (approx) 
Each lamp comes with a set of wire and LED bulb. The bulb and its holder are hidden within the lamp.

Warm light is recommended. As each Selenite lamp is carved by hands, irregularity in form and dimension is expected. There may also be natural flaws such as mineral inclusions and surface irregularities.

For individual purchase, you may visit our physical shop at Sunshine Plaza, Singapore. For wholesale purchase enquiries, please DM us. MOQ: 20 pieces

#crystals #gemstones #minerals #selenite #crystalwholesale",1,16
38,38,2020-08-17 06:41:35,"Peach Selenite Heart-Shaped Lamp.
Height: 19cm (approx) 
Breadth: 17cm (approx)
Thickness: 5cm
Each lamp comes with a white Selenite base, a set of wire and LED bulb. The bulb and its holder are hidden within the lamp.

Warm light is recommended. As each Selenite lamp is carved by hands, irregularity in form and dimension is expected. There may also be natural flaws such as mineral inclusions and surface irregularities.

To purchase, you may visit our physical shop at Sunshine Plaza, Singapore. For wholesale enquiries, please PM us. MOQ: 10 pieces

#crystals #gemstones #mineral #selenite #crystalwholesale",0,15
39,39,2020-08-17 06:02:45,"White Selenite Cylinder Lamps.
Left: 30cm tall
Right: 20cm tall
Each lamp comes with a set of wire and a LED bulb. The bulb and its holder are hidden within the lamp.

Most of our selenite cylinder lamps have a pleasant tint of yellow, due to the presence of iron oxide. Warm light is recommended to enhance the feature. As each Selenite lamp is carved by hands, irregularity in form is expected. There may also be natural flaws such as mineral inclusions and surface irregularities.

To purchase, you may visit our physical shop at Sunshine Plaza, Singapore. Please pm us for wholesale enquiries.  MOQ: 10/15 pieces respectively.",0,28
40,40,2020-08-17 06:01:49,"White Selenite Cylinder Lamp.
Height: 30cm 
Breadth: 9cm (approx)
Each lamp comes with a set of wire and a LED bulb. The bulb and its holder are hidden within the lamp.

Most of our selenite cylinder lamps have a pleasant tint of yellow, due to the presence of iron oxide. Warm light is recommended to enhance the feature. As each Selenite lamp is carved by hands, irregularity in form is expected. There may also be natural flaws such as mineral inclusions and surface irregularities.

For individual purchase, you may visit our physical shop at Sunshine Plaza, Singapore. Please PM us for wholesale enquiries.  MOQ: 10 pieces.",0,15
41,41,2020-08-17 06:00:45,"White Selenite Cylinder Lamp.
Height: 20cm 
Breadth: 8-9cm
Each lamp comes with a set of wire and a LED bulb. The bulb and its holder are hidden within the lamp. 

Most of our selenite cylinder lamps have a pleasant tint of yellow, due to the presence of iron oxide. Warm light is recommended to enhance the feature. As each Selenite lamp is carved by hands, irregularity in form is expected. There may also be natural flaws such as mineral inclusions and surface irregularities.

For individual purchase, you may visit our physical shop at Sunshine Plaza, Singapore. Please pm us for wholesale enquiries. MOQ: 15 pieces",0,22
42,42,2020-06-20 12:33:11,"Scarlet, specks, and bloom.

Wholesale and retail purchases of the Moroccan Hematite on Quartz clusters are both welcomed.

#crystals #gemstones #mineral #wholesale",0,42
43,43,2020-06-17 10:29:45,"A slice of two wonders. Featuring a double-sided Moroccan hematite-on-quartz cluster. On one face of the formation is a group of relatively bigger complete terminations with distinct 'arkashic lines' and a coating of vermilion hematite. On the opposite side is a roughened surface composed of tiny crystal points enameled with pecan brown iron oxide. Also, the random orientation of crystal points bring the formation to life, like a bed of dancing flames.

Wholesale and retail purchases of these fiery specimens are available.

#crystals #gemstones #minerals #wholesale",2,37
44,44,2020-06-16 09:13:31,"A harvest of fiery nature from Morocco. Featuring a quartz cluster with a natural coating of red hematite. The intense coloration is found to be layered on the surface and not included within the crystal structure, which means that the formation was originally a clear quartz cluster, and the iron oxide was introduced onto the matrix only after a long time.

Wholesale and retail purchases of the Moroccan Hematite on Quartz are both welcomed.

#crystals #gemstones #mineral #wholesale",0,1674
45,45,2020-06-13 00:10:16,"Another charming Clear Quartz natural point, polished. As it sits in the shade of the Amethyst geode, it embraces the little light there is in the surrounding and emits its own natural brilliance that further illuminates the space. Notice the dash of yellow limonite included in the tip of the point! 
#crystals #gemstones #mineral #wholesale",0,34
46,46,2020-06-11 09:16:49,"Featuring a Brazilian Clear Quartz polished point with high clarity and natural brilliance. It has an assertive presence, yet it embraces the colours of its surrounding. The irregular planes within the crystal scatter the light beyond the confines of the form, evoking a sense of dynamic energy.

This clear quartz point is harvested from a quartz cluster and polished to reveal the clarity. It is not a cut specimen from a rock mass.

Wholesale and retail purchases are both welcomed!

#crystals #gemstones #mineral #wholesale",3,56
47,47,2020-06-10 07:18:22,"Sharp and precise. Featuring a Brazilian Clear Quartz polished point with high clarity and natural brilliance. It has an assertive presence, yet it embraces the colours of its surrounding. Note the splash of colours residing within the peak of the pointer!

This clear quartz point is harvested from a quartz cluster and polished to reveal the clarity. It is not a cut specimen from a rock mass.

Wholesale and retail purchases are both welcomed!

#crystals #gemstones #mineral #wholesale",0,70
48,48,2020-05-31 06:21:57,"According to the latest update, TAMZA showroom will be able to re-open and welcome visitors under Phase 2 of Circuit Breaker. It could be as soon as two weeks from today. Meanwhile, online enquiry and purchases are welcomed. TAMZA wishes all our customers and followers great health and the strength to embrace the difficult time. Love to all. 
#crystals #gemstones #mineral #wholesale",15,133
49,49,2020-05-31 05:50:04,"Excerpt from article, as translated by Miyabi K, @aurora.lune.k :
<< When we spoke with Kheyton of ""TAMZA House of Crystal & Lifestyle"" we got to know that the crystal/power stone market in Singapore have been continuously expanding after the period of rapid growth it witnessed in the 80s to 90s.
Kheyton takes on the role of a â€œdoctor of heart mattersâ€ and listens to customers who consult him about work, romance and financial concerns. It is said when it comes to selecting crystals, it is important to â€œunderstand/recognize the state of oneâ€™s spirit/mind/heart(æ°£ãƒ»ki)*â€. For example, there are cases where customers were looking for crystals to help them sleep better or to relieve stress, but the issues were actually caused by interpersonal relationships at work. Due to the hectic daily lifestyle and stresses, many people surprisingly do not realize the true cause of what is bothering them. Crystals work differently according to their placement, but it seems like they can nudge one to face their own æ°£(ki) state. â€œMany customers are from the younger generation like myself who tend to be religion-free and are interested in improving their own spirituality.â€ It's also interesting that ""people who first come to the store to improve their fortune end up looking for crystals that are beneficial to their happiness, rather than for moneyâ€.
For Kheytonâ€™s grandparentâ€™s generation, it was more common to live according to the religious code of conduct of â€œnot missing daily prayersâ€. On the other hand, modern youths such as Kheyton, tend to distance themselves from being tied down to religious beliefs and their code of conduct. Despite the different ways of the old and new generations in their practices to better oneâ€™s æ°£(ki), it seems that these practices are indispensable for the people of Singapore to reach their happiness and maintain a healthy mind and body. >>
*æ°£(ki) â€“ Japanese for spirit, mind, heart as well as energies.",2,45
50,50,2020-05-31 03:10:59,"Thank you Channel News Asia Lifestyle and Mayo Martin (Journalist) for the interview and our feature earlier last year to highlight the trend in crystal collection among the millenials. It is especially relevant today as what was thought to be a craze continue to intrigue many. There is now a sharp increase in both online crystal vendors and young consumers. To understand more about the trend and crystal collection itself, feel free to visit us in our showroom* at Sunshine Plaza, Singapore, and chat with us!

Full article >> ðŸ”— link in bio.
(*Showroom will officially re-open under Phase 2 of Circuit Breaker. Exact date to be confirmed.)
#crystals #gemstones #mineral #wholesale #millenials #lifestyle",1,72
51,51,2020-05-13 07:06:03,"Yin Yang dualism. Unlike its cousin found in the Himalayas, the Brazilian variety is relatively more uncommon and the black carbon inclusion is layered just beneath the surface of the quartz. The layers are clean and precise.

#crystals #gemstones #mineral #wholesale",0,25
52,52,2020-05-13 05:24:22,"Beyond the simple facade of the Black Phantom Quartz is a realm of fascination. The distinct layers are the ""phantoms"", which were formed by generations of crystal that had neatly grown over the pre-existing ones. Black carbon trapped between the layers enhances the unique feature that appears almost like a precise pencil drawing. It is nature's work of art. The phantoms can be observed by the naked eye without the use of a magnifier. 
Feel free to visit our showroom @ Sunshine Plaza to learn more! Wholesale and walk-in purchases are both welcomed.

#crystals #gemstones #mineral #wholesale",0,21
53,53,2020-05-12 08:38:16,"Shadows from within: The Black Phantom Quartz,  an uncommon quartz variety from Brazil. What exactly lies within this unassuming, yet mysterious specimen? 
Look forward to the next post to find out~

#crystals #gemstones #mineral #wholesale",0,38
54,54,2020-04-09 07:17:20,"A up-close view of an agate slice. Let's take a minute to appreciate the strokes and swirls made by the forces of Mother Nature, the artist.

#crystals #gemstones #mineral #wholesale",0,18
55,55,2020-04-09 07:15:30,"A up-close view of an agate slice. Let's take a minute to appreciate the strokes and swirls made by the forces of Mother Nature, the artist.

#crystals #gemstones #mineral #wholesale",0,20
56,56,2020-04-09 07:12:29,"A up-close view of an agate slice. Let's take a minute to appreciate the strokes and swirls made by Mother Nature, the artist.
#crystals #gemstones #mineral #wholesale",0,25
57,57,2020-04-05 11:51:56,"Agate slice with bold outline and a quartz centre. Also a play of translucency; an exhibit of light and shadow. Observe closely its inner glow as the warmth of the sunlight penetrates through the slice.

An agate slice is a cross-section of a nodule-like rock that was formed in a volcanic region millions of years ago. The intricate patterns are created by the disposition of agate, chalcedony and quartz. Every specimen is unique; each visual tells a story, specifically a narrative of how they came about and immortalised.

To find out more about the agates, feel free to visit our showroom at Sunshine Plaza, Singapore. (closed from 6 Apr- 4 May).

#crystals #gemstone #mineral #wholesale",0,53
58,58,2020-03-23 08:11:15,"Let the gaping mouth draws you in. Featuring a solid Amethyst Geode polished sphere from Brazil. Inclusions include phantoms, black goethite and golden goethite. 
#crystals #gemstone #mineral #wholesale",8,67
59,59,2020-03-20 15:38:39,"Amethyst Agate geode polished sphere. On the back of this geode is a white Agate Eye with brown outline and a green center. The Agate is a type of microcrystalline quartz that differentiate itself from the large crystals of Amethyst, forming little islands that seemingly float on the surface.

We have a large collection of Amethyst Agate geode spheres, so do feel free to visit our showroom to admire each one of them.

#crystals #gemstone #mineral #wholesale",0,42
60,60,2020-03-12 11:43:18,"A world in itself; like a snow globe, except nothing moves. Featuring a polished double-terminated Garden Quartz, with a smaller double-terminated crystal formed on the back of its broad body. The inclusion is a mix of white & pink feldspar, with a single penetrator crystal. By far the largest piece in our current stock.

#crystals #gemstone #mineral #wholesale",0,39
61,61,2020-03-10 09:23:45,"Double terminated Garden Quartz with much to observe; an ultra clear quartz body with pink feldspar that spans across the length, a pyramid phantom crystal and multiple penetrators. Unique pieces from Brazil are available in our showroom.

#crystals #gemstone #mineral #wholesale",0,42
62,62,2020-03-09 08:17:24,"The landscape that never fades. Featuring a double terminated Garden Quartz with pink feldspar inclusion. Come visit our showroom to closely observe the wondrous beauty encapsulated by an ultra clear quartz body.

Limited stock; while stock lasts. Wholesale and walk-in purchases are both welcomed. 
#crystals #gemstone #mineral #wholesale",4,309
63,63,2020-03-02 06:19:16,"The deep ultramarine blue of the Lazurite stands out in contrast to the warmth of the sun. Bits of pyrite cubes line the crevices of the formation. 
#crystals #gemstone #mineral #wholesale",1,59
64,64,2020-02-29 12:01:09,"Lazurite crystals lining the contours of a solid matrix of marble and feldspar. Tiny pyrite cubes and bits of mica are sparsely sprinkled over the surface.

Limited stocks. Wholesale unavailable. While stocks last.
.
.
.
#crystals #gemstone #mineral #wholesale",0,25
65,65,2020-02-29 05:47:25,"Timeless beauty. Instead of layers found in Lapis Lazuli, the Lazurite crystals are perched on a matrix of white marble and calcite. The Lazurite has a strong ultramarine blue that stands out from the whites of its matrix. Its aesthetic is undeniably one of a kind.

Limited quantity from Pakistan. While stock lasts.
.
.
.
#crystals #gemstone #mineral #wholesale",0,35
66,66,2020-02-13 07:37:55,"Jacare (Alligator) Quartz with peaks oriented in the same direction. This formation consists of two conjoined greater crystals and on each are multiple terminations with traces of skeletonized surfaces.

Wholesale and walk-in purchases are both welcomed

#crystals #gemstone #mineral #wholesale",3,42
67,67,2020-02-10 10:11:40,"Smoky Skeletal (Alligator) Quartz - an assembly of lines, depressions and raised terminations. The faces are naturally etched due to external dissolution.

Other Smoky Alligator specimens are available in our showroom. Drop us a message for enquiry on wholesale or walk-in purchases.

#crystals #gemstone #minerals #wholesale",0,36
68,68,2020-02-07 10:26:08,"Smoky Elestial Quartz - a natural formation consisting of double-terminated protrusions on the face of a host crystal point. It piques our appreciation for its transcendental beauty as the little crystals ascend in order, bringing our attention to the peak.

Other Smoky Elestial Quartz specimens are available in our showroom. Come see, touch and feel the unique harvest from Mother Earth. 
#crystals #gemstone #mineral #wholesale",0,36
69,69,2020-01-22 12:49:31,"Featuring a natural Citrine Scepter with an even distribution of champagne. The formation consists of a stack of citrine crystals perched on top of a host point, with two smaller complementary terminated points on the side.

#crystals #gemstone #mineral",1,32
70,70,2020-01-20 10:13:11,"Natural Citrine specimen with mica. Unpolished. 
#crystals #gemstone #mineral",0,35
71,71,2020-01-18 05:02:12,"Natural Citrine Elestial point from South America. The rich golden tint makes it look so much like crystallized honey I think I can almost taste it.

#crystals #gemstone #mineral #singapore",3,214
72,72,2020-01-06 08:59:23,"New arrival: Polished Ametrine pointers. Wholesale and walk-in purchases are both welcomed.

#crystals #gemstone #mineral",0,39
73,73,2020-01-04 12:22:29,"Woah, lighting is important. Here's a beautiful Bolivian Ametrine point with white light shone through it. So enchanting!

#crystals #gemstone #mineral",5,64
74,74,2020-01-03 08:31:00,"Special collection: Uruguayan Amethyst cluster. Its deep, beautiful purple is m evenly distributed from the base to the tips of the points. It is unusual for Uruguayan Amethyst with colour of this intensity to exist in such relatively bigger points. The specimen owes its intense colour to the natural irradiation of iron.

Limited quantity. Walk-in purchases available only.

#crystals #gemstones #mineral #wholesale",1,58
75,75,2019-12-12 09:14:20,"Brazilian Red-Capped Ametrine. This variety of Amethyst is found only in recent years and is often mistakenly labelled & sold as Melody Stone (Super Seven). Under strong white light, the unassuming dark-coloured specimen reveals its unique inclusions. Through its distinct palette of colours, we can identify the Citrine, Amethyst, Smoky Quartz, Goethite and Hematite etc. As a newly-found mineral, not much information are available on the Internet. To understand more about the crystal, feel free to visit our showroom to check it out upclose and we are more than happy to share our knowledge with you. 
Wholesale and walk-in purchases are both welcomed.

#crystals #gemstones #minerals",0,35
76,76,2019-12-11 14:35:46,"Collection: Large Brazilian Red-Capped Ametrine cluster with a coat of druzy. This variety of Amethyst is found only in recent years and is often mistakenly labelled & sold as Melody Stone (Super Seven). Under strong white light, the unassuming dark-coloured specimen reveals its unique inclusions. Through its distinct palette of colours, we can identify the Citrine, Amethyst, Smoky Quartz, Goethite and Hematite etc. As a newly-found mineral, not much information are available on the Internet. To understand more about the crystal, feel free to visit our showroom to check it out upclose and we are more than happy to share our knowledge with you.
Wholesale and walk-in purchases are both welcomed.
.
#crystals #gemstones #minerals",0,35
77,77,2019-12-11 10:55:05,"Brazilian Red-Capped Ametrine. This variety is found only in recent years and is often mistakenly labelled & sold as Melody Stone (Super Seven). Under strong white light, the unassuming dark-coloured specimen reveals its unique inclusions. Through its distinct palette of colours, we can identify the Citrine, Amethyst, Smoky Quartz, Goethite and Hematite etc. As a newly-found mineral, not much information are available on the Internet. To understand more about the crystal, feel free to visit our showroom to check it out upclose and we are more than happy to share our knowledge with you. 
Wholesale and walk-in purchases are both welcomed.

#crystals #gemstones #minerals",1,35
78,78,2019-12-02 10:53:28,"Converging lines and an abrupt pause.
Come observe each raw Black Kyanite specimens in our showroom!

#crystals #gemstones #minerals",0,19
79,79,2019-11-29 06:27:50,"More black beauty with a full plumage - the Brazilian Black Kyanite.

#crystals #gemstones #minerals",0,38
80,80,2019-11-28 08:31:17,"Black Kyanite- a unique organised mass of bladed crystals that layer like a full plumage. A sense of unwavering, dynamic energy radiates outwards from the tapered end of the formation.
Wholesale and walk-in purchases are both welcomed. 
#crystals #gemstones #minerals",6,32
81,81,2019-11-20 10:35:37,"Double-tip Natural Citrine point with smoky overgrowth and bits of Muscovite. Unpolished.

Wholesale and walk-in purchases are both welcomed. 
#crystals #gemstones #minerals",0,46
82,82,2019-11-13 15:42:58,"Amethyst cathedral- a single host to multiple terminations that ascend towards the peak. Collectively, they appear like latent growth buds that are ready to bloom. 
Wholesale and walk-in purchases are both welcomed.

#crystals #gemstones #minerals",0,41
83,83,2019-11-13 10:39:53,"New arrival: Smoky Elestial Quartz with natural protrusions on its body and faces. Most of these protrusions have double terminations that lead up to both end of the whole formation. Source: Brazil. 
#crystals #gemstones #minerals",0,46
84,84,2019-10-14 12:12:59,"Bubbling eyes.

#crystals #gemstones #mineral",0,29
85,85,2019-10-11 14:06:05,"A slice of flaming beauty. This agate was formed when mineral-rich solution entered the cavity of a host rock, and withstanding high pressure and temperature, crystallisation took place. Its unique swirls, patterns and story are immortalised since. The nature's millions-year old work of art now sits in our showroom to be admired by many.

#crystals #gemstones #minerals",0,44
86,86,2019-10-11 05:56:41,"As natural sunlight penetrates through the unassuming slice of black banded agate, distinct shades of grey appear. It's an ideal addition to your living space for a look of understated elegance. 
#crystals #gemstones #minerals #wholesale",0,68
87,87,2019-09-24 11:08:30,"Iron-stained milky quartz cluster.

#crystals #gemstones #minerals",0,17
88,88,2019-09-24 06:22:39,"Look to the end of the tunnel where the light is. Presenting to you a Brazilian Amethyst Agate Geode Sphere.

#crystals #gemstones #minerals",0,31
89,89,2019-09-22 05:37:02,"Let your gaze drifts deep into the hollow. This is a cluster of calcite points grown on a matrix of limestone, which is often mistakenly sold as a clear quartz geode. Unlike quartz, each terminated calcite point does not have six faces and is generally lower in hardness.

To learn more about the unique formation, feel free to visit our showroom at Sunshine Plaza, Singapore.

#crystals #gemstones #minerals",0,19
90,90,2019-08-15 11:34:43,"An expanse of sparkles, like looking into the boundless night sky filled with stars. Come take a closer look into our quality Brazilian Amethyst geode tables. Allow your vision to transcend into the alluring presence of these nature's wonder.

#crystals #gemstones #minerals #lifestyle",0,12
91,91,2019-08-15 10:09:21,"A close-up view of another amazing Amethyst Geode coffee table. Relatively bigger-sized points with Dogtooth Calcite growth. Weighing at 700kg, it's the biggest piece we have in our current collection. 
DM us for more images of this table.

#crystals #gemstones #minerals #lifestyle",1,18
92,92,2019-08-15 09:16:23,"Huge Amethyst Geode Table with Glass top. Rich purple amethyst points blanket the interior of the geode as their brilliance radiates under the light. Delicate white calcite overgrowth are interspersed amongst the dense amethyst cluster. Golden cacoxenite and goethite needles can be found in each of the amethyst points. Can you picture the glamour as it sits in the centre of your living room?

Dimension: 65""(L) x 40""(W) x 23""(H)
Weight: 687kg

Currently on display in our showroom at Sunshine Plaza, Singapore.

#crystals #gemstones #minerals #lifestyle",0,30
93,93,2019-08-05 05:05:55,"Brazilian Rainbow Fluorite. TAMZA deals with rough crystals and minerals; materials with much potential to be crafted and transformed.

For walk-in purchases, visit us at our showroom. For enquiries on wholesale purchases, please email us.

#crystals #gemstones #minerals",1,26
94,94,2019-08-05 05:03:42,"Rough quartz of different colours. TAMZA do deals with a wide variety of rough crystals and minerals; materials with much potential to be crafted and transformed.

For walk-in purchases, visit us at our showroom. For enquiries on wholesale purchases, please email us.

#crystals #gemstones #minerals",0,19
95,95,2019-08-05 05:02:03,"Green Snake Quartz - Green Quartz with layers of Hematite deposits. TAMZA do deals with rough crystals and minerals; materials with much potential to be crafted and transformed.

For walk-in purchases, visit us at our showroom. For enquiries on wholesale purchases, please email us.

#crystals #gemstones #minerals",0,20
96,96,2019-07-22 16:46:59,"Come chat, learn and share in our showroom! Visit us at Sunshine Plaza, Singapore, for wholesale and walk-in purchases. Current showcases are direct imports from mines in South America. Open from Mon-Sat, 12 to 7pm.

#crystals #gemstones #minerals #wholesale",2,30
97,97,2019-07-22 16:46:37,"Visit our showroom at Sunshine Plaza, Singapore, for wholesale enquiries and walk-in purchases. Current showcases are direct imports from mines in South America. Open from Mon-Sat, 12 to 7pm.

#crystals #gemstones #minerals",2,63
98,98,2019-07-22 16:46:01,"Come chat, learn and share in our showroom! Visit us at Sunshine Plaza, Singapore, for wholesale and walk-in purchases. Current showcases are direct imports from mines in South America. Open from Mon-Sat, 12 to 7pm.

#crystals #gemstones #minerals #wholesale",0,29
99,99,2019-07-22 09:39:47,"Have you ever examined your crystals close enough to realise how expressive nature can be? Zooming in into an inch of the smoky phantom quartz reveals a fascinating splash of colours, planes and fissures.

Come visit our physical showroom to see for yourself the uniqueness of each specimen. Walk-in purchases and wholesale enquiries are both welcomed.

#crystals #gemstones #minerals",0,28
100,100,2019-07-22 08:18:55,"Look at the size of that rainbow! This amazing flashes of colours is found in our large smoky phantom quartz polished point (6.64kg). Such dispersion of light is caused by the presence of water that are trapped in the formation. Come visit our showroom to examine its interesting inclusions! All are welcomed.

#crystals #gemstones #minerals",0,35
101,101,2019-07-22 08:07:18,"Smoky Quartz polished point with inclusions of chlorite and a vibrant flash of rainbow. The dispersion of colour is due to the presence of water, which was compressed under high pressure. (Sold) More quality smoky quartz point are available in our showroom. Wholesale and walk-in purchases are both welcomed.

#crystals #gemstones #minerals",0,38
102,102,2019-07-18 12:43:36,"1/3: A large Amethyst geode slice display (25kg). The original Amethyst geode has two generations of growth, thus resulting in the appearance of phantom and inclusions of white calcite within the quartz. The phantom is characterised by the denser tone of purple within each Amethyst point. The geode is neatly sliced and its immaculate presence makes itself an ideal greeting ornament for the entrance of our homes. 
Geode slices of various sizes and forms are available in our showroom. Visit us to see more.

#crystals #gemstones #minerals #lifestyle",0,1393
103,103,2019-07-18 11:48:02,"2/3: A large Amethyst geode slice display (25kg). The original Amethyst geode has two generations of growth, thus resulting in the appearance of phantom and inclusions of white calcite within the quartz. The phantom is characterised by the denser tone of purple within each Amethyst point. The geode is neatly sliced and its immaculate presence makes itself an ideal greeting ornament for the entrance of our homes. 
Geode slices of various sizes and forms are available in our showroom. Visit us to see more.

#crystals #gemstones #minerals #lifestyle",1,34
104,104,2019-07-18 11:38:58,"3/3: Close-up view of a large Amethyst geode slice display (25kg). The original Amethyst geode has two generations of growth, thus resulting in the appearance of phantom and inclusions of white calcite within the quartz. The phantom is characterised by the denser tone of purple within each Amethyst point. The geode is neatly sliced and its immaculate presence makes itself an ideal greeting ornament for the entrance of our homes. 
Geode slices of various sizes and forms are available in our showroom. Visit us to see more.

#crystals #gemstones #minerals #lifestyle",1,26
105,105,2019-07-17 10:55:36,"1/3: (Collection) High clarity Natural Citrine cathedral with Green Tourmaline. As light strikes the faces of the specimen, a rainbow inclusion and distinct striations are revealed. 
#crystals #gemstones #minerals",0,25
106,106,2019-07-17 10:50:14,"2/3: (Collection) High clarity Natural Citrine cathedral with Green Tourmaline. As light strikes the faces of the specimen, a rainbow inclusion and distinct striations are revealed. 
#crystals #gemstones #minerals",1,33
107,107,2019-07-17 10:24:54,"1/3: (Collection) High clarity Natural Citrine cathedral with Green Tourmaline. As light strikes the faces of the specimen, a rainbow inclusion and distinct striations are revealed. 
#crystals #gemstones #minerals",1,24
108,108,2019-06-09 16:16:07,"You know crystals are alive when they start staring back at you. TAMZA presents you a crop of an interesting agate slice. What do you see?

#crystals #gemstones #minerals",1,18
109,109,2019-06-09 05:58:46,"Newly-arrived: Amethyst with Agate geode sphere. Let your gaze drifts deep into its very core. 
A quality collection of Amethyst with Agate geode spheres is currently on display in our showroom. Agate with white quartz and druzy variety is also available. Both wholesale and walk-in purchases are welcomed.

#crystals #gemstones #minerals",0,40
110,110,2019-06-09 04:43:02,"Gold-Sheen Muscovite, a soft mineral of the Mica family. New-arrival. To have a closer observation at the beautifully layered bloom, visit our showroom at Sunshine Plaza, Singapore!

Wholesale and walk-in purchases are both welcomed.

#crystals #gemstones #minerals",0,21
111,111,2019-06-08 11:32:07,Rainbow Fluorite. Simply captivating!! #crystals #gemstones #minerals,8,62
112,112,2019-06-07 19:33:51,"Amethyst Geode sphere. New-arrival in our showroom.

#crystal #gemstone #mineral",0,28
113,113,2019-06-07 19:17:53,"Golden Muscovite with bits of Calcite growth (Brazil). Rays of gold illuminate the surrounding as white light penetrates through the neatly-stacked layers of mica sheets. To have a closer observation of the unique formation, feel free to visit our showroom at Sunshine Plaza, Singapore.

#crystal #gemstone #mineral",0,24
